"state","mean_value","cattle_mean","lower_value","cattle_lower","upper_value","cattle_upper"
"Abadam",0.719043331080586,75375,0.542248999232449,56798,0.858824487520353,90124
"Abaji",0.384372597344383,11689,0.354451677001906,10759,0.415056087618418,12645
"Abak",0.182154674568841,55,0.128128993543338,39,0.245877109027085,75
"Abakaliki",0.325156845917311,1235,0.293437112291277,1114,0.358131127103925,1362
"Abeokuta North",0.731002050779451,2670,0.677743867229901,2474,0.779171689178106,2849
"Abeokuta South",0.68455002544049,351,0.630374704951661,323,0.735251537271804,377
"Abi",0.284821521367927,243,0.249176349504616,213,0.322083728655555,274
"Aboh-Mbaise",0.249680371077833,76,0.194549088032095,59,0.310162058927692,95
"Abua/Odual",0.204686955486491,22,0.0313650581800219,3,0.531325730083104,57
"Abuja",0.298726591003027,17106,0.267121552597007,15258,0.331959964783867,19052
"Adavi",0.605919781015046,7255,0.571553898957178,6834,0.639512353825827,7666
"Ado",0.391753127536245,1813,0.365888058051208,1697,0.418117415280194,1931
"Ado Odo/Ota",0.914559645522742,2573,0.874081146675795,2455,0.94517687079167,2663
"Ado-Ekiti",0.429584047590853,119,0.396105863591794,109,0.463559654687103,129
"Afijio",0.215902300370569,1071,0.190286014685956,939,0.243301641437158,1213
"Afikpo North",0.253088574281235,202,0.225907297400672,180,0.281792378547735,226
"Afikpo South",0.284879370189151,146,0.258790513268852,134,0.312176557873656,158
"Agaie",0.345770350498462,16485,0.315819434096436,15037,0.376447241370738,17969
"Agatu",0.517109728390459,4897,0.475664954964317,4467,0.563253886313795,5395
"Aguata",0.286900681601528,145,0.260874980196418,132,0.314008276770437,159
"Agwara",0.186756101360482,6569,0.140845460571266,5057,0.238098098230911,8286
"Ahiazu-Mbaise",0.253761224290504,46,0.226453107389696,41,0.282501150637877,52
"Ahoada East",0.219758447589969,9,0.0530072688578431,2,0.506200843726421,20
"Ahoada West",0.224080835561079,16,0.0455725246174062,3,0.541555413931178,39
"Aiyedade",0.400071409803756,1257,0.368944611738322,1156,0.43179549077357,1361
"Ajaokuta",0.628694383037392,10600,0.591141930851965,9965,0.664074717409949,11197
"Ajingi",0.237125736245694,4808,0.206752713253605,4191,0.269631062973121,5470
"Akamkpa",0.193438449480864,129,0.163452512079854,109,0.226307185796637,150
"Akinyele",0.287596762776003,1050,0.261486386298623,954,0.314836811892943,1150
"Akko",0.317838458394282,34961,0.289418941073014,31793,0.347341518955081,38252
"Akoko North-East",0.534083050381271,477,0.495722280798768,443,0.572119665762489,511
"Akoko North-West",0.504431359503403,247,0.463139002666884,227,0.545575709293433,267
"Akoko South-East",0.488766650864344,83,0.440552976353288,74,0.537247206375539,92
"Akoko South-West",0.486981839298599,177,0.449482101175298,163,0.524627793513631,191
"Akoko-Edo",0.548072723614944,2690,0.50879910735732,2501,0.586951698376792,2877
"Akpabuyo",0.222107881506108,46,0.1669830331739,35,0.267785061330846,59
"Akuku-Toru",0.019930684460896,1,0.00155820831916497,0,0.0599955347546948,4
"Akure North",0.461257763164328,153,0.426487107575149,141,0.496272532040656,165
"Akure South",0.439415261395839,100,0.406849904072544,92,0.47235955464032,108
"Akwanga",0.479135897140757,7203,0.452271643653104,6799,0.50608945709174,7608
"Albasu",0.228258234545737,2141,0.202947275553622,1904,0.255120801262392,2393
"Aleiro",0.124442388555142,1155,0.0815910281282398,757,0.179352224162938,1664
"Alimosho",0.838645112121446,186,0.768033087415788,173,0.894652513150748,196
"Alkaleri",0.437863644622972,50225,0.409169114184731,46935,0.466892894511881,53575
"Amuwo Odofin",0.858142622105623,210,0.786514677775987,193,0.912467570342663,224
"Anambra East",0.389720290521564,658,0.345163977643361,584,0.43545353531056,735
"Anambra West",0.278529514100403,939,0.23609732028079,789,0.340295194793122,1166
"Anaocha",0.319960706181575,141,0.289361638013158,128,0.351727665934113,155
"Andoni",0.0715172788491669,2,0.0138782469376576,0,0.191422090870516,6
"Aninri",0.32827873100404,432,0.300432988156453,396,0.357041084838627,470
"Aniocha North",0.404746846328316,325,0.373561206417801,300,0.43659309570091,350
"Aniocha South",0.393227562618663,633,0.357484992464832,575,0.429821670640308,692
"Anka",0.11653259446688,8517,0.0890277317065641,6499,0.149066500497125,10906
"Ankpa",0.40207685384295,5220,0.370398708598701,4809,0.434465200298102,5641
"Apa",0.507761656659153,2854,0.478907724515116,2692,0.53662742522494,3017
"Ardo-Kola",0.101335109380194,5883,0.0876795903487832,5106,0.116395114481925,6736
"Arewa Dandi",0.128462008391756,24631,0.0720901416154557,13847,0.205930262284505,39457
"Argungu",0.10042093231071,4439,0.0636154796443003,2811,0.149026477268389,6591
"Arochukwu",0.234630356767133,93,0.205986867913704,82,0.265203438413747,105
"Asa",0.292646545731111,6821,0.268192967396059,6247,0.31805175217863,7418
"Asari-Toru",0.000733248793104305,0,1.18238181039335e-07,0,0.00427176264556276,0
"Askira/Uba",0.653036677885079,42703,0.599432150766289,39246,0.700000512825912,45689
"Atakumosa East",0.374108747487244,390,0.343254865837949,358,0.40574045902377,424
"Atakumosa West",0.307344917245194,412,0.277604599804642,372,0.338318542302872,453
"Atiba",0.192370334220515,2592,0.166723927266765,2257,0.220200702460269,2953
"Atisbo",0.157799331522361,3870,0.131374082172485,3236,0.187211050740818,4573
"Augie",0.0802648481059469,4891,0.0528613116842305,3221,0.115933304668561,7064
"Auyo",0.0875610528416145,2044,0.0625720753981676,1469,0.120830087589768,2793
"Awe",0.347681660349188,16551,0.324041859353158,15434,0.372155444263729,17712
"Awgu",0.308101355257991,552,0.275519468222677,494,0.342100002232564,612
"Awka North",0.37471007474899,728,0.346155014517843,671,0.40392437248984,786
"Awka South",0.301943008050762,360,0.271928415073781,323,0.333317942628156,399
"Ayamelum",0.341479390875773,1011,0.301092056641873,890,0.386573041323993,1146
"Ayedire",0.246112131081544,164,0.219902848430369,147,0.273787506220099,183
"Babura",0.147867637500305,6151,0.114505377929687,4713,0.187266058082662,7863
"Badagry",0.739335298052411,520,0.635450260769506,439,0.90783601587219,654
"Bade",0.0285694530093658,950,0.0113381366690478,378,0.0590150535730689,1960
"Bagudo",0.170303099155023,22891,0.112524232673324,15052,0.242703380186219,32777
"Bagwai",0.187583885531001,1776,0.168326645961545,1594,0.208033676532597,1969
"Bakori",0.163550302711479,3804,0.149095380272225,3468,0.17880534002331,4160
"Bakura",0.0747656627573832,5573,0.0517298473095437,3852,0.103931097985898,7754
"Balanga",0.201154713507678,12390,0.17846998162042,10997,0.225370715209762,13878
"Bali",0.0689430632962614,9888,0.0563997747159828,8119,0.0833586286315493,11916
"Bama",0.974762187886779,96975,0.898120185801379,89321,0.997487879133968,99222
"Barkin Ladi",0.256143938364453,17044,0.231129162698696,15394,0.283042219146254,18816
"Baruten",0.109697974265886,12975,0.089120386705221,10551,0.133208859039462,15743
"Bassa",0.417056846207629,37450,0.386669285567202,34798,0.448919908626618,40254
"Batagarawa",0.131029045680618,2895,0.107623939717186,2379,0.157382510880274,3476
"Batsari",0.108669691298805,3098,0.0881969522278832,2514,0.13201829987618,3763
"Bauchi",0.336696340567391,48389,0.31493760708089,45251,0.359028781939043,51613
"Baure",0.159526725243491,7204,0.087495434485636,3864,0.2594687632091,11870
"Bayo",0.357871360495142,7835,0.325628926329575,7126,0.391129682062632,8566
"Bebeji",0.228990664312354,4318,0.202846460883244,3858,0.255743058168156,4791
"Bekwarra",0.250935860904424,153,0.230532871418769,141,0.272217552777962,166
"Bende",0.245970709113853,166,0.2188023366659,148,0.274754328344855,186
"Biase",0.219043788458002,99,0.189613422561542,86,0.253964031153468,115
"Bichi",0.210876618373928,3050,0.179811118170185,2611,0.242147000176481,3494
"Billiri",0.274489734298912,9929,0.250314081040235,9051,0.299684495114216,10843
"Bindawa",0.140178547691796,2012,0.120757186893908,1733,0.161431484971738,2316
"Binji",0.0547143386300603,1075,0.0355295605935079,702,0.0806198151399243,1578
"Biriniwa",0.037142281128604,3265,0.0188090901591022,1644,0.0656021188792695,5794
"Birnin Gwari",0.250155946698423,43206,0.225065617115681,38922,0.276551882836708,47717
"Birnin Kebbi",0.118992193133015,5654,0.073520348095826,3491,0.179432547722063,8530
"Birnin Kudu",0.262203018141545,11025,0.233540271175037,9820,0.292448471172695,12297
"Birnin-Magaji/Kiyaw",0.119747972469951,5626,0.095529702916442,4486,0.147608848819666,6939
"Biu",0.322665591583801,24732,0.287789183212325,22017,0.359089979539571,27572
"Bodinga",0.0642252304793199,950,0.0442968406848826,655,0.0895702858417455,1324
"Bogoro",0.352893173118494,11728,0.328152768516351,10892,0.378250401301729,12585
"Boki",0.164671330129227,173,0.139879978071424,148,0.191958977617702,200
"Bokkos",0.344322603855212,27054,0.317282856128081,24979,0.372159592771357,29192
"Boluwaduro",0.272219302809971,204,0.248046401424084,186,0.297436830792613,223
"Bomadi",0.321821272889454,90,0.0504864089039705,14,0.742920202187074,207
"Bonny",0.0866479282838203,0,0.00189489127040016,0,0.146020474267116,0
"Borgu",0.138927986371224,20673,0.109590066255158,16205,0.172733993384247,25912
"Boripe",0.268407741788683,265,0.2480875032206,245,0.289473769637906,286
"Borsari",0.0197078268367101,3071,0.00687867962375109,1068,0.0445640113285979,6962
"Bosso",0.26662921798534,13037,0.24216527770337,11838,0.292213479689746,14291
"Brass",0.130045978265563,24,0.0339556032614383,5,0.255440795772027,58
"Buji",0.260039152788918,5632,0.22267038692389,4793,0.301983293284649,6581
"Bukkuyum",0.0918976606527055,9032,0.0696022769014406,6844,0.118597124665843,11650
"Bukuru",0.230194277033368,3234,0.206482583533107,2903,0.256596677771489,3603
"Bungudu",0.0985356227481531,6616,0.0775994491209456,5212,0.12292062240514,8252
"Bunkure",0.230390837665996,3467,0.205499486443267,3092,0.256750249331116,3863
"Bunza",0.161794210723187,4512,0.0892471237446998,2496,0.261247246081033,7269
"Burutu",0.19170688707966,443,0.0260454635883396,62,0.437260774578088,998
"Bwari",0.364899149874827,9882,0.332285620757153,8942,0.398676372966871,10857
"Calabar",0.161186237831339,22,0.135063255213948,18,0.190208199809253,26
"Calabar South",0.161179412042287,1,0.103873566736396,0,0.247240222713548,3
"Chanchaga",0.18692323460621,700,0.165896890579416,621,0.209387729606357,784
"Charanchi",0.156377290213404,2204,0.135459860258319,1909,0.179113553371656,2525
"Chibok",0.443132775089875,17372,0.403291126669556,15802,0.482955067013207,18943
"Chikun",0.296953461031926,42858,0.273746979097467,39544,0.321152591708435,46308
"Damaturu",0.107580568438728,6948,0.0757177435301297,4896,0.147527123824554,9516
"Damban",0.303901861547655,13468,0.26559556688265,11757,0.344379653657922,15276
"Dambatta",0.218176438541706,6512,0.183241135070037,5434,0.256792978509349,7710
"Damboa",0.508443430656631,70499,0.437500079524287,61069,0.568204819438346,78705
"Dandi",0.19129041757951,15210,0.106298327027841,8459,0.304762215882169,24189
"Dandume",0.154103634662527,2743,0.14024209939499,2496,0.168764873330614,3004
"Dange-Shuni",0.0662848140138897,3096,0.0439378669204976,2053,0.0954171209241472,4456
"Danja",0.168385942221668,2901,0.154619986562878,2664,0.18285954038961,3150
"Danko Wasagu",0.118138313798705,15969,0.0954838752944671,12907,0.143929086879889,19457
"Danmusa",0.148999696396846,3557,0.128549175861923,3069,0.171355440374222,4090
"Darazo",0.337447488972306,31816,0.305606897027332,28756,0.37046087947707,34995
"Dass",0.327116374021358,7157,0.304129957405449,6656,0.350813314356352,7675
"Daura",0.1637849559687,2207,0.0651826179916808,870,0.32226988154437,4365
"Dawakin Kudu",0.219057497369531,1883,0.19380556559981,1666,0.245951248971542,2115
"Dawakin Tofa",0.183507856707598,2828,0.162712549068778,2507,0.205746963447661,3172
"Degema",0.11956117398222,18,0.0599583052633835,9,0.151262139000934,23
"Dekina",0.432717091964543,8782,0.399708303042763,8121,0.466200226617801,9454
"Demsa",0.136011575946694,8658,0.116464067182977,7397,0.15764900175044,10046
"Dikwa",0.988674609619755,45426,0.96108024099223,44213,0.998240014306887,45845
"Doguwa",0.318152428431277,11414,0.293106643551616,10530,0.343965850399523,12326
"Doma",0.448562160300899,19563,0.419787696194256,18308,0.47871408656914,20876
"Donga",0.10621422986225,6435,0.0896216731810903,5455,0.124925339834513,7538
"Dukku",0.338523703542304,44658,0.306269186611693,40362,0.372580765617394,49204
"Dutse",0.242783518056361,8509,0.213250066548061,7470,0.274253095703237,9616
"Dutsi",0.169843982021124,2086,0.0952903353105534,1175,0.272261778155337,3334
"Dutsinma",0.141838344094082,2976,0.122102495482681,2564,0.16341313399206,3426
"Eastern Obolo",0.183403880707957,14,0.0584010503840717,4,0.387692881111203,29
"Ebonyi",0.327598511925747,1084,0.298843347491267,987,0.357334849954905,1184
"Edati",0.358563749404081,7016,0.330522132836317,6454,0.38739899556493,7594
"Ede North",0.253654404561492,294,0.2320674072456,269,0.276173017775808,320
"Ede South",0.257466515111259,214,0.230709189624737,192,0.285655286806511,238
"Edu",0.308057980982494,15062,0.284088217945977,13850,0.332639426981626,16307
"Efon",0.334337536046536,50,0.307650000187832,46,0.361821573451697,54
"Egbeda",0.433255924777886,686,0.391628699774423,625,0.473898958529682,746
"Egbedore",0.229488659571459,529,0.207515903059029,477,0.252621018392271,585
"Egor",0.491572252681104,81,0.356587858874735,59,0.62393120411585,103
"Ehime-Mbano",0.263520540147301,70,0.239356569334485,64,0.288795941580172,77
"Ejigbo",0.218855125341234,518,0.1960941840896,465,0.242985084876736,574
"Ekeremor",0.218265605378045,84,0.0174435718655379,8,0.575880106799228,219
"Eket",0.166788638991469,21,0.0807319484950444,10,0.287470383143854,36
"Ekiti",0.460214114589701,1918,0.430744891344171,1795,0.48977786595042,2040
"Ekiti East",0.424372526273331,157,0.38844085353908,143,0.460915285928383,170
"Ekiti South-West",0.379411878307618,38,0.348653970191147,35,0.410910375396604,41
"Ekiti West",0.337133315464042,135,0.308806952549917,124,0.366360339315357,147
"Eleme",0.174150802637997,12,0.0452791636291874,3,0.404298301476749,28
"Emuoha",0.179974595102546,26,0.0501999911717713,8,0.39699369069481,57
"Emure/Ise/Orun",0.476070984839268,76,0.440128319259598,70,0.512223194229555,81
"Enugu East",0.346173276770916,575,0.32223359767528,537,0.370798247681032,615
"Enugu North",0.257158234711573,410,0.226835974058719,360,0.28995165975821,464
"Enugu South",0.284563442672757,139,0.256843966169195,125,0.313553737178334,153
"Epe",0.760775539819894,478,0.677230813256882,435,0.838979157551606,517
"Esan Central",0.41992442129872,286,0.391795583645191,267,0.448449220560792,305
"Esan North-East",0.438404918314574,529,0.409602178566099,494,0.467497437560429,564
"Esan South-East",0.434375671761223,1069,0.401872805252914,981,0.468847091145783,1165
"Esan West",0.450921100146141,280,0.417888707210493,261,0.484280481362883,300
"Ese-Odo",0.474580674740384,236,0.204124907122447,99,0.753776216592905,379
"Esit Eket",0.168119868092594,29,0.0917998755806975,16,0.269772169978297,47
"Essien Udim",0.201766924027633,130,0.139506404798494,90,0.27505609960526,178
"Etche",0.219294857012059,18,0.0825260650051079,7,0.422254706050917,35
"Ethiope East",0.328894005101065,275,0.128664473081731,112,0.586861741106297,484
"Ethiope West",0.381702064125149,391,0.176596575504212,179,0.619259416307287,638
"Eti-Osa",0.847322706223758,276,0.768713716877819,251,0.906699992318556,294
"Etim Ekpo",0.185740489913065,44,0.102130462353093,24,0.295207078058718,71
"Etinan",0.159962328913158,37,0.0796003506831247,18,0.271971901246732,63
"Etsako Central",0.52014711421586,1840,0.488620708159276,1722,0.551674565829876,1959
"Etsako East",0.544304642780357,2207,0.512563435854473,2082,0.57577408787148,2330
"Etsako West",0.553264709317276,1549,0.522213197903433,1461,0.584000553611886,1636
"Etung",0.169676273628943,46,0.143308145105894,39,0.198738500129259,54
"Ewekoro",0.834196427356236,1213,0.782782290033201,1137,0.877609105574172,1277
"Ezeagu",0.379874743686201,1005,0.352398915259215,932,0.407962603441891,1080
"Ezinihitte Mbaise",0.260135520007057,56,0.218610930516652,47,0.304273459465588,66
"Ezza North",0.303967880918436,578,0.265365472282717,506,0.344749810565347,654
"Ezza South",0.295637554058791,457,0.257660414934953,399,0.335707106112678,518
"Fakai",0.186315166380527,9135,0.138139424560284,6779,0.242887606913669,11902
"Faskari",0.151010039372576,8530,0.134701810939273,7611,0.168484932498842,9515
"Fika",0.320127401066462,19687,0.287754467469534,17720,0.353847021754999,21733
"Fufore",0.578933958487485,57376,0.503899243291224,49812,0.647955338542779,64403
"Funakaye",0.36247492107189,19221,0.319387832356798,16917,0.40642471783144,21580
"Fune",0.17827216606225,30033,0.145725541457612,24410,0.21584288130184,36564
"Funtua",0.165314503980763,3948,0.151353229563485,3614,0.180015956995294,4299
"Gabasawa",0.234241000900557,3697,0.201536741488661,3176,0.269516108779376,4260
"Gada",0.0363166921468943,2431,0.0208008918264163,1395,0.0587128266536317,3925
"Gagarawa",0.1093621640271,3655,0.0841669955297836,2814,0.139007805721542,4644
"Gamawa",0.185553670989714,25493,0.149187575082962,20455,0.226944320696326,31238
"Ganjuwa",0.320935347000338,51415,0.296551213055419,47461,0.346412677624865,55553
"Ganye",0.127030592136803,6277,0.092550566980143,4618,0.164567759268335,8117
"Garki",0.181033890058406,9420,0.153112725132192,7964,0.211765700570242,11024
"Garko",0.219223941528891,2058,0.19734532503249,1852,0.242332590151411,2274
"Garum Mallam",0.201975028717077,903,0.181473043043639,812,0.223698779711459,1000
"Gashaka",0.0369966864604014,2133,0.023170703480186,1294,0.0573451300683333,3410
"Gassol",0.124274374586339,19621,0.108896729341389,17190,0.141503714232342,22346
"Gaya",0.220074916578962,3614,0.193424591226362,3178,0.25070318390037,4114
"Gbako",0.304572634444533,15394,0.27676726017513,13986,0.333484795049408,16859
"Gboko",0.31608920047466,4414,0.29453648509466,4110,0.338338073584,4728
"Gboyin",0.445078192615711,181,0.408384038696573,166,0.482220803629564,197
"Geidam",0.0221865875877464,3405,0.00719456421344402,1095,0.0519892641526378,8022
"Gezawa",0.239407977845089,2454,0.200786737934649,2064,0.279088492232936,2857
"Giade",0.25831252833384,6722,0.230641994311534,5998,0.287504850598684,7485
"Girie",0.331740070998313,17541,0.294662138754907,15567,0.369763377824549,19568
"Giwa",0.197314784884507,15914,0.181867123947507,14671,0.213461122060118,17213
"Gokana",0.026150739806679,1,0.00340451682551405,0,0.0907577851964664,3
"Gombi",0.454703251467071,13268,0.392223099213387,11440,0.516911708857988,15083
"Goronyo",0.0560369199340114,4379,0.032551013423609,2541,0.0892047347006148,6977
"Gubio",0.310702023112529,30030,0.188613623648591,18170,0.456181887048003,44191
"Gudu",0.0706510748218752,10791,0.0422344341121283,6424,0.109895479943963,16829
"Gujba",0.263800463660717,24443,0.230590941972632,21340,0.299326117304101,27766
"Gulani",0.320128168951763,17667,0.284227008663943,15664,0.357329785109053,19735
"Guma",0.437133760573915,11127,0.404831773794486,10311,0.470105199342288,11959
"Gumel",0.0915637147540823,1053,0.0662630318449263,761,0.122325762776576,1409
"Gummi",0.139614865777294,14317,0.108087205650268,11057,0.176147899819458,18107
"Gurara",0.295491921081448,6896,0.26751158639675,6235,0.32469260549606,7587
"Guri",0.0378136480751756,1569,0.0194417817350424,805,0.0660040913358439,2745
"Gusau",0.145052818107422,14798,0.124115640196678,12637,0.168179880094846,17190
"Guyuk",0.164658093234617,3893,0.135328655841298,3258,0.195047067143624,4556
"Guzamala",0.785674135839164,76511,0.670074147771173,65502,0.877977714256201,85253
"Gwadabawa",0.0444655321558283,2193,0.0270621946675813,1336,0.068596708444522,3380
"Gwagwalada",0.321680122311282,11196,0.292589132884775,10179,0.351825195112971,12250
"Gwale",0.159877424113303,0,0.132519083758061,0,0.190367169966841,0
"Gwandu",0.107069118610507,3398,0.0730046446051006,2317,0.150110693494206,4763
"Gwaram",0.284231588931516,16870,0.259098391296614,15365,0.31042345748104,18439
"Gwarzo",0.175373238368478,2007,0.158979551232061,1819,0.192704881187936,2205
"Gwer East",0.455552381905076,6800,0.428050134345252,6392,0.483234640586729,7211
"Gwer West",0.501397618446537,4080,0.468684855296146,3812,0.534099711699274,4349
"Gwiwa",0.165150700958657,3714,0.124492535378489,2792,0.214756314869283,4841
"Gwoza",0.918290401201169,63776,0.749796016551797,52318,0.984604168332831,68041
"Hawul",0.256237857175053,14076,0.227651011167118,12475,0.28650250787887,15774
"Hong",0.696240744896783,55912,0.630861149173427,50764,0.754309077890063,60416
"Ibadan South-West",0.232229460957397,172,0.207508507151446,154,0.258390941478748,192
"Ibaji",0.411021390714976,6219,0.374582116551153,5674,0.453630624387465,6847
"Ibarapa Central",0.636711125160244,3427,0.585621596265655,3147,0.685550368651791,3696
"Ibarapa East",0.480912421030624,5163,0.443670747052864,4763,0.518224821421804,5563
"Ibarapa North",0.498645335867267,6806,0.455779886252309,6224,0.541384431465176,7387
"Ibeju-Lekki",0.823801961467616,333,0.734747655436396,299,0.892443529196404,360
"Ibesikpo Asutan",0.159590719165514,69,0.115414058878459,50,0.211471471804523,90
"Ibi",0.259824162499638,15728,0.234267671061793,14195,0.286752570653049,17347
"Ibiono Ibom",0.243688889760495,86,0.204406932215694,71,0.284711972819334,101
"Idah",0.387748773726023,394,0.345276191252756,351,0.431524514308459,439
"Idanre",0.531624033250475,416,0.491745597778454,385,0.570960295393229,446
"Ideato North",0.260931604886449,124,0.23623967860237,112,0.286810770230619,136
"Ideato South",0.266488229110486,54,0.241283912353837,49,0.292882018660348,59
"Idemili North",0.362780953755595,202,0.32146458524039,179,0.405613854368311,226
"Idemili South",0.32975392368546,99,0.300065541545455,90,0.360492941816905,108
"Ido",0.403778374467331,2365,0.373315988797066,2189,0.434792285175745,2543
"Ido-Osi",0.323817382718837,101,0.299127362103221,93,0.34925929901981,108
"Ife Central",0.351512980555524,84,0.321260139088475,77,0.382672262767247,92
"Ife East",0.298383112688375,69,0.267124512453528,61,0.33109690148366,76
"Ife North",0.385059857175455,934,0.35518288056753,860,0.415549155108535,1011
"Ife South",0.41998679740921,638,0.388351085195353,590,0.452120152494676,687
"Ifedayo",0.299871404315414,65,0.271661272743486,59,0.329251292391021,71
"Ifedore",0.42016393854617,50,0.38569694608206,46,0.455202006525595,54
"Ifelodun",0.39393712219205,17370,0.369601533769559,16303,0.418668591994192,18455
"Ifo",0.864356754131823,1499,0.815720009824159,1412,0.904120934669431,1570
"Igabi",0.242678250132373,27325,0.226287980899007,25481,0.259661463521686,29236
"Igalamela-Odolu",0.511743062246857,8283,0.479753985030037,7764,0.542725644172646,8783
"Igbo-Etiti",0.360761958508675,850,0.334063123678705,787,0.388121950945133,915
"Igbo-eze North",0.334879625265775,312,0.306754993311087,285,0.363933605338181,339
"Igbo-eze South",0.387344257280017,329,0.360985771891165,306,0.414240340183372,352
"Igueben",0.444531281343727,177,0.413165167577182,164,0.476209381845292,189
"Ihiala",0.335623059920025,555,0.297854888730901,496,0.375013460430473,617
"Ihitte/Uboma",0.262557538229451,39,0.234426332480784,35,0.292215914405079,44
"Ijebu East",0.7302040432473,1863,0.686947504296738,1752,0.769913253619748,1965
"Ijebu North",0.66566731484918,934,0.621812804195889,873,0.707371276204715,992
"Ijebu North-East",0.741718910017568,242,0.697154206661831,228,0.782872508706789,256
"Ijebu-Ode",0.804377492556659,231,0.758026928991349,218,0.845292809369794,243
"Ijero",0.310454763676533,103,0.281239510034805,93,0.340832798301922,113
"Ijumu",0.533929123782999,3276,0.496777239788256,3049,0.570790296719536,3501
"Ika",0.189813685886115,35,0.115382681570858,21,0.282564425514581,51
"Ika North-East",0.386178208012107,536,0.349074830259393,485,0.424288210265033,589
"Ika South",0.408882582473848,466,0.345135307897565,398,0.474742506028158,536
"Ikara",0.212629310699043,9887,0.195819311117475,9114,0.230198378722646,10695
"Ikeduru",0.246868343882004,71,0.211247252135946,61,0.28483324979761,82
"Ikenne",0.771747501110063,288,0.723301831458402,270,0.81536543036719,304
"Ikere",0.41748410587481,77,0.387244154669951,72,0.4482010330863,83
"Ikole",0.455626426139889,804,0.419667979533734,745,0.491948453475562,863
"Ikom",0.221372229340432,232,0.191580950292191,202,0.253630834035336,264
"Ikono",0.196042514693797,51,0.166236988432243,43,0.228543039859826,60
"Ikorodu",0.853412978308955,438,0.792150434966512,406,0.902219052743535,463
"Ikot Abasi",0.0918345216415861,57,0.0296974006350558,19,0.193321541714923,121
"Ikot Ekpene",0.193189064017007,27,0.159940702289877,22,0.229644718082531,32
"Ikpoba-Okha",0.410480490221773,766,0.241352804025832,479,0.59285805744452,1075
"Ikwerre",0.224207746232374,29,0.0652944397861015,8,0.480191928367033,64
"Ikwo",0.254056506724224,620,0.228627448704371,558,0.280848189483362,686
"Ikwuano",0.273368923173441,68,0.246717784475777,61,0.301243507376863,75
"Ila",0.268449545086684,556,0.243750037186245,506,0.294281219748253,609
"Ilaje",0.357491677893044,277,0.173816554655743,134,0.592332518106524,457
"Ile-Oluji/Okeigbo",0.43088768948048,84,0.39819327091568,77,0.46403564424628,90
"Ilejemeje",0.324901563936624,58,0.302232016166735,54,0.348195780083525,62
"Ilesha East",0.294824426171878,149,0.276185924252788,140,0.3139817121737,159
"Ilesha West",0.275477848439718,162,0.249911286937457,147,0.302178432407545,178
"Illela",0.034964517243086,2005,0.0197981351305908,1136,0.0569943741428024,3267
"Ilorin East",0.29186063535695,3005,0.269336416330734,2769,0.315197025739885,3251
"Ilorin South",0.332924428346176,995,0.307594025988987,919,0.358948404034783,1072
"Ilorin West",0.151234576012266,615,0.122762615452363,498,0.189885152191053,775
"Imeko-Afon",0.544585652254233,3165,0.49594509487753,2885,0.59224846461915,3439
"Ingawa",0.198341815766918,5093,0.172180455090677,4421,0.226537612824344,5816
"Ini",0.230560076089226,119,0.203015218477663,105,0.260554006783691,134
"Ipokia",0.935967296747679,2556,0.901304241273075,2458,0.961140143621559,2627
"Irele",0.540387429989961,184,0.362053072980505,123,0.707410871247728,240
"Irepo",0.148406671628781,1703,0.127261503521748,1450,0.171597042151036,1982
"Irepodun",0.294842277828379,2046,0.268595514468524,1880,0.325512598058085,2231
"Irepodun/Ifelodun",0.363797751034895,112,0.334625937257066,103,0.393727951357921,121
"Irewole",0.319536402982244,332,0.292389524992132,306,0.347622845725665,360
"Isa",0.066354216947738,5537,0.0445102703983016,3708,0.0947185530410736,7913
"Ise/Orun",0.464278013662148,41,0.426080945710607,38,0.502785998611887,45
"Iseyin",0.293041308763864,5183,0.260614271973781,4600,0.327128498826928,5797
"Ishielu",0.341296494834706,1521,0.316722297690274,1412,0.36654870038696,1634
"Isi-Uzo",0.424296051685617,1522,0.398896921477018,1430,0.450013758904963,1614
"Isiala Mbano",0.24678055624459,79,0.222728039531543,71,0.27206641586898,87
"Isiala Ngwa North",0.246114500770993,84,0.208608237890828,71,0.286393847544393,97
"Isiala Ngwa South",0.216016282191346,138,0.153456807620992,98,0.288643483616078,185
"Isin",0.336765041837647,1636,0.315177587891313,1532,0.358879013234601,1743
"Isokan",0.399902703313606,187,0.368128264193976,172,0.432304497683845,202
"Isoko North",0.278084332266526,176,0.103756893923267,65,0.521073459771895,332
"Isoko South",0.299706736312483,403,0.0925184609695492,125,0.592636258724047,794
"Isuikwuato",0.256195979825712,79,0.229991409723825,71,0.283778214541024,88
"Itas/Gadau",0.252226975122859,17694,0.214612907358277,15059,0.293253338444724,20567
"Itesiwaju",0.184997179405832,3141,0.160080218598871,2717,0.212046445006191,3602
"Itu",0.209717570213826,81,0.17889521612871,68,0.243205142652904,95
"Ivo",0.319820447523233,570,0.291191242513176,518,0.34953124821021,623
"Iwajowa",0.258795304437364,3907,0.227431507251319,3430,0.292159417618386,4415
"Iwo",0.242719084895999,546,0.215957347549539,486,0.271069605426668,609
"Izzi",0.341768749365034,2129,0.317879380153193,1980,0.366267117295784,2282
"Jaba",0.296219363844592,4832,0.276299063100863,4512,0.316731040883014,5163
"Jada",0.377910757254479,14564,0.304023894105366,11717,0.452863188555705,17478
"Jahun",0.243148679252358,12075,0.206877231720914,10274,0.283223347208179,14063
"Jakusko",0.0630863789964676,10353,0.0375646905414606,6138,0.0998977302504173,16452
"Jalingo",0.0928049617949689,771,0.0753985869091541,626,0.112681221241449,937
"Jama'are",0.272647524777055,5106,0.236430735705258,4429,0.311213101615983,5827
"Jega",0.165084573012304,4638,0.109268793622358,3065,0.23484041107583,6606
"Jema'a",0.372851072796262,16181,0.349536348178281,15171,0.396624234204879,17211
"Jere",0.7772654218838,26427,0.725282110518038,24694,0.823313539345906,27967
"Jibia",0.114146976672717,4387,0.0851739255873191,3215,0.148880429302432,5801
"Jos East",0.403972210809395,13345,0.372728936380338,12318,0.435692542124667,14388
"Jos North",0.253150039245367,8318,0.233163576875586,7655,0.2739013482878,9008
"Jos South",0.223825023368517,7802,0.207225650589423,7216,0.241122286938256,8412
"Kabba/Bunu",0.527450101567338,14324,0.496653291731941,13487,0.558090226846328,15156
"Kabo",0.208511829285398,1451,0.187761609602973,1307,0.230443345186578,1604
"Kachia",0.38230493212652,40048,0.360218571137716,37761,0.404782171441701,42375
"Kaduna North",0.192468337987542,1445,0.16892984794411,1271,0.217789497685954,1633
"Kafin Hausa",0.184323147697627,9563,0.152753681135012,7926,0.219431219288876,11383
"Kafur",0.177287641755991,6817,0.162434382462123,6246,0.19290013041675,7418
"Kaga",0.159596252923965,12001,0.1197448242079,8952,0.207425650785408,15671
"Kagarko",0.34911099380955,15842,0.323600521523274,14687,0.375033141733095,17015
"Kaiama",0.172496778880002,15891,0.150540887072203,13962,0.196282897913147,17963
"Kaita",0.135482493334488,7231,0.0697800088619581,3642,0.236140153097367,12772
"Kajola",0.194455500858958,1601,0.168458571556698,1386,0.222668987201614,1835
"Kajuru",0.334950738959377,21198,0.31908293323986,20189,0.351102114924426,22226
"Kala/Balge",0.997765691142443,16896,0.988862792775113,16744,0.999885725302524,16932
"Kalgo",0.157759579727997,4275,0.0919528476342516,2496,0.245862303990663,6655
"Kaltungo",0.280629012962019,11465,0.254366095481142,10416,0.308027817640156,12558
"Kanam",0.430834755858754,40905,0.4036493424862,38320,0.4583292288459,43521
"Kankara",0.166123621386998,7078,0.148230806930655,6313,0.18522329711201,7895
"Kanke",0.391851097247063,21564,0.360594666573269,19837,0.423942058472048,23339
"Kankia",0.155164375325864,4664,0.136265113459293,4095,0.175580204440007,5279
"Karasuwa",0.0166620874360439,1241,0.00547103711968037,405,0.0388415809385364,2904
"Karaye",0.21771896937385,2121,0.192121357435622,1882,0.244970991591486,2374
"Karim Lamido",0.241952774237115,35577,0.220614445962973,32401,0.264331987505707,38910
"Karu",0.386442680387871,17185,0.360977854584849,16040,0.412500970801341,18358
"Katagum",0.267778583238406,24300,0.229344074077412,20815,0.309788317727628,28099
"Katcha",0.301611382658866,15044,0.272614053849699,13601,0.331406340622576,16532
"Katsina",0.103957574589124,857,0.0785717525281096,650,0.134182649422506,1104
"Katsina-Ala",0.159816979874189,3563,0.142697551312056,3178,0.178183169260902,3977
"Kaugama",0.0819916538744248,2949,0.0589844421138442,2121,0.112045196905263,4014
"Kaura",0.358669831258266,8818,0.321183785765899,7922,0.396886326452407,9732
"Kaura Namoda",0.103217215357316,2880,0.0778842143510467,2171,0.133434564914038,3725
"Kauru",0.300137648909347,29535,0.284386323320803,27973,0.316238344943187,31133
"Kazaure",0.195557442973545,2109,0.139101704136689,1503,0.263984901731431,2843
"Keana",0.438254356385529,7950,0.4104142277775,7441,0.466317437231428,8464
"Kebbe",0.218368947252297,16203,0.157995220676342,11702,0.289100102031921,21483
"Keffi",0.336839740458048,1127,0.315639487717868,1055,0.358539093947534,1200
"Khana",0.169674644387382,26,0.0524231412159018,8,0.35817995664452,55
"Kibiya",0.236964531601057,2713,0.21221582812308,2429,0.263110066735867,3012
"Kirfi",0.380399021749569,29277,0.35307149691924,27147,0.408275230530502,31450
"Kiri Kasama",0.0542973568154932,1398,0.0318496906405738,817,0.0856728757513177,2212
"Kiru",0.209831252822244,3813,0.189803666183862,3451,0.230916450271469,4195
"Kiyawa",0.2678450744791,9692,0.23281228036392,8420,0.305197326230088,11048
"Kogi",0.474655304466764,11055,0.431645773481489,10065,0.517806199422003,12054
"Koko/Besse",0.17576828809227,8313,0.113978434653926,5395,0.253401092392025,11978
"Kokona",0.459796511948445,14735,0.435109325955105,13942,0.48461125736995,15532
"Kolokuma/Opokuma",0.245994976187719,22,0.0410757487532427,4,0.60940216007899,54
"Konduga",0.67113398827877,91988,0.608500109542872,83474,0.722448553859698,99013
"Konshisha",0.367309015518893,2754,0.343421500652238,2573,0.391697330455321,2938
"Kontagora",0.153319944070678,7187,0.131636017022401,6169,0.177019472605717,8301
"Kosofe",0.836690883845833,0,0.777263300272641,0,0.885499322807484,0
"Kubau",0.248481115744821,23232,0.230736219544608,21587,0.266897463581229,24939
"Kudan",0.194556957278954,4530,0.179637684324056,4182,0.210155893178714,4893
"Kuje",0.40719496915458,15240,0.376343255745606,14080,0.438729910135601,16426
"Kukawa",0.953322163367569,76261,0.913449713848837,73044,0.978144271382504,78265
"Kumbotso",0.182517478486504,1065,0.157678789003693,921,0.209473923329909,1222
"Kunchi",0.202012954330562,5256,0.176066366362027,4580,0.229954731098908,5985
"Kura",0.214201218716995,1490,0.19147273051585,1332,0.238311211878134,1658
"Kurfi",0.121018806489803,1813,0.101993209142507,1527,0.142186516735891,2130
"Kurmi",0.0373610468866632,1370,0.0284637274238448,1047,0.0481408684274327,1761
"Kusada",0.164643495793976,2256,0.14451215949055,1980,0.18640876634948,2553
"Kwali",0.40366457038809,15059,0.372155046996799,13867,0.435828659018738,16276
"Kwami",0.355502557009913,22656,0.318448533126284,20320,0.392811976365819,25024
"Kwande",0.157323830530007,2470,0.137395802783642,2177,0.179207464708114,2790
"Kware",0.0526608605759567,1141,0.0339144105305355,735,0.0776560735524355,1683
"Kwaya Kusar",0.290716227187307,4923,0.261592785075712,4427,0.32118902828372,5443
"Lafia",0.41451573734803,24645,0.385610585828039,22928,0.443826476143962,26388
"Lagelu",0.28724951291566,328,0.262117563624567,299,0.313421431091706,358
"Lagos Island",0.845821569887194,80,0.742332196302968,73,0.917771078417613,86
"Lake Chad",0.81426403597505,2757,0.54606966209375,2740,0.986505041574935,2767
"Lamurde",0.114896745444002,3535,0.0954880779903542,2953,0.142485751903,4350
"Langtang North",0.315281648888168,9125,0.286849921892228,8281,0.344837316300376,10004
"Langtang South",0.231531303651594,7637,0.213237010592106,7029,0.252410221201853,8334
"Lapai",0.38717717106602,23373,0.356689929248644,21499,0.418903884969987,25331
"Lau",0.134200429495998,6612,0.118412104311685,5832,0.151312507295888,7458
"Lavun",0.319429348053086,28648,0.293551013974515,26330,0.346124956064493,31039
"Lere",0.273205780310434,26076,0.257224768766297,24549,0.289640599403641,27646
"Logo",0.249045281161993,3348,0.227077928478158,3050,0.272306799935152,3664
"Lokoja",0.523691696768299,23308,0.493474030340098,21928,0.553707925609596,24681
"Machina",0.0223289209680055,1286,0.00872990122534217,509,0.0470604332780723,2687
"Madagali",0.936131627708918,22426,0.850319026654119,20380,0.978974643523376,23440
"Madobi",0.196798717115674,1799,0.175906817891914,1608,0.219027573343692,2002
"Mafa",0.942853965908021,68411,0.90874938043039,65939,0.967245895715041,70184
"Magama",0.141546147121558,12551,0.11971521431585,10641,0.165512164614286,14649
"Magumeri",0.225989950196665,37886,0.16528069614871,27647,0.299756100079252,50403
"Mai'Adua",0.162990625888834,6108,0.0460300470243701,1716,0.375550741904304,14075
"Maiduguri",0.708172993775355,3190,0.660305811335779,2975,0.752856907684073,3392
"Maigatari",0.0690943798401984,4569,0.042712710575547,2807,0.1048407707144,6967
"Maiha",0.910723085939292,10351,0.857401071308253,9750,0.948857907815393,10781
"Maiyama",0.173025895812313,9295,0.10887571167928,5844,0.255108500191016,13714
"Makarfi",0.187267692136694,5000,0.173128341952963,4623,0.202044177465858,5395
"Makoda",0.205333164179718,3066,0.176677611186611,2634,0.236468327274599,3536
"Makurdi",0.471816597177179,3306,0.438143652860791,3071,0.504575375757924,3535
"Malam Maduri",0.0677031892388805,1925,0.0435307178675215,1240,0.0996076601324836,2827
"Malumfashi",0.160022028907168,3460,0.146317989097145,3164,0.17447080864242,3771
"Mangu",0.332024032091616,33167,0.308372090870335,30780,0.356311379564826,35625
"Mani",0.144078817514608,4450,0.104047729269314,3170,0.194287386947088,6069
"Maradun",0.100536755993095,8543,0.0720821116159574,6136,0.135537786424728,11499
"Mariga",0.184489702745461,30496,0.157992919382696,26096,0.21336001292733,35294
"Marte",0.972977472338311,72724,0.953020082204222,71271,0.991808351871092,74086
"Maru",0.166314239877752,41944,0.141248405862319,35503,0.19413846829449,49118
"Mashegu",0.183972857133359,29349,0.161612923837583,25873,0.208043812483301,33085
"Mashi",0.139734172168557,6113,0.059274953099585,2561,0.270347521193295,11912
"Matazu",0.157127720908172,2505,0.140000343276268,2232,0.175461841004279,2798
"Mayo-Belwa",0.0995046859839072,5493,0.0821341634504132,4523,0.119093357936332,6590
"Mbatoli",0.262209903501124,237,0.221475899848625,199,0.305757099209185,277
"Mbo",0.179542080082797,0,0.115558970385172,0,0.258356101459983,0
"Michika",0.93037045014127,14893,0.885444666549407,14184,0.961362266730622,15386
"Miga",0.188626746780589,4577,0.16001616020673,3882,0.21994951565972,5339
"Mikang",0.374619979224375,8054,0.341127970095281,7323,0.408796875057406,8798
"Minjibir",0.200977862071285,2006,0.175987653694901,1756,0.227815007604461,2274
"Misau",0.294052628566194,14314,0.258520244291938,12578,0.331627210041683,16152
"Mkpat Enin",0.137889899050982,79,0.0621051574006369,35,0.249722361088634,145
"Moba",0.298101381702174,30,0.276023787926086,28,0.320899228757489,33
"Mobbar",0.233996802147399,35794,0.118123637151463,18093,0.388562587617964,59507
"Mokwa",0.276431205199594,23031,0.242033166450712,20252,0.313059012545632,26007
"Monguno",0.885740486419852,54831,0.845022720871233,52316,0.932972611032516,57700
"Mopa-Muro",0.516733736098393,3090,0.48682729737428,2915,0.546565826417424,3265
"Moro",0.27785433837631,12574,0.254405815735057,11509,0.302243725967367,13681
"Mubi North",0.919901534270864,22534,0.873969673089055,21412,0.95301206892459,23343
"Musawa",0.159569098069632,4420,0.143953967881424,3987,0.176160631741201,4880
"Muya",0.308208331501162,12361,0.273487936385608,11294,0.347093864623734,13512
"Nafada",0.308200361286401,20159,0.275460158835694,18024,0.343775874367963,22470
"Nangere",0.215137059115006,6680,0.179363375029567,5565,0.254499510587314,7907
"Nasarawa",0.500973713486365,48629,0.470944763109395,45717,0.530911616704318,51534
"Nasarawa Eggon",0.436111801078243,10589,0.403797049144325,9801,0.468814917866501,11387
"Ndokwa East",0.33060468250851,1010,0.205647803227502,636,0.48692109434394,1474
"Ndokwa West",0.317677909496298,475,0.197955361502919,299,0.460028608105991,685
"Nembe",0.000491713495242648,0,7.45320296799921e-09,0,0.00173987936716988,0
"Ngala",0.994363741366073,43428,0.980041811318783,42817,0.999172065062736,43634
"Nganzai",0.710655868658519,63816,0.604620621627803,54322,0.80245241643311,72023
"Ngaski",0.190179592768405,8224,0.144600760608488,6720,0.240419918849692,9911
"Ngor-Okpala",0.247672197514199,229,0.147785545799555,141,0.370728282884874,336
"Nguru",0.0175226130929926,895,0.00615020480562843,313,0.0391735031461312,2007
"Ningi",0.318003686799861,56652,0.292825979340882,52138,0.343988948042603,61315
"Njaba",0.274574291833981,77,0.246359021778627,69,0.304184546068807,85
"Njikoka",0.313823616834833,311,0.285257998079096,282,0.343481393284583,340
"Nkanu East",0.321431279462304,1116,0.296105032786865,1028,0.347592562510027,1207
"Nkanu West",0.327132061961917,385,0.300485152745224,353,0.354634835366366,417
"Nnewi North",0.297530078309895,314,0.273631421303038,289,0.322307805504186,340
"Nnewi South",0.299042310675751,127,0.274491755311233,117,0.324490839524739,138
"Nsit Atai",0.164529963643915,32,0.111888537623206,22,0.228263470503666,45
"Nsit Ibom",0.168269201019336,18,0.10820073782757,12,0.242097833634258,26
"Nsit Ubium",0.159266208211225,59,0.0895938108296704,33,0.251304998378755,93
"Nsukka",0.386460936548469,1083,0.362897301598726,1019,0.410471605825576,1148
"Numan",0.119377757252055,2726,0.103204342986467,2355,0.137356117530393,3139
"Nwangele",0.252267339438353,59,0.229654683538143,54,0.275929746122307,65
"Obafemi-Owode",0.745603330194753,1725,0.69462855019254,1603,0.791774273755588,1836
"Obanliku",0.105124851614575,145,0.0861061130026316,115,0.127469717672175,181
"Obi",0.392761573809009,11403,0.366786734705951,10621,0.419185721707541,12201
"Obi Ngwa",0.178563469987414,156,0.109393821183983,94,0.266294282212051,236
"Obio/Akpor",0.170871054366277,13,0.0266336524752467,2,0.371973114719266,28
"Obokun",0.280736047801245,503,0.254789228953306,456,0.307845895176387,551
"Obot Akara",0.221081732036978,113,0.179052820506712,90,0.267682091580095,138
"Obowo",0.239238039254887,45,0.212931107429734,40,0.267106432808593,50
"Obubra",0.241091805710362,318,0.21021640344438,280,0.274506632269627,360
"Obudu",0.170068040757903,70,0.148018996434292,62,0.193999648890391,79
"Odeda",0.622503338112337,2562,0.579416165861534,2389,0.664103553392575,2729
"Odigbo",0.643381378624863,491,0.582386112990021,444,0.700267531614933,534
"Odo-Otin",0.261245006718863,276,0.238711115169008,253,0.28479619219538,301
"Odogbolu",0.817165746358885,991,0.771899299613327,936,0.856723093496434,1039
"Odukpani",0.180637837630101,70,0.149422688239082,56,0.218897774103428,87
"Offa",0.215050345702374,297,0.197982742248276,274,0.232878445410053,322
"Ofu",0.456010633313917,6827,0.424207163273459,6366,0.488113358604538,7291
"Ogba/Egbema/Ndoni",0.189702610871578,66,0.0837491401185354,33,0.346445503360494,111
"Ogbadibo",0.349983057928244,810,0.322257902257333,746,0.378507547886969,876
"Ogbaru",0.298732083550919,247,0.249771689327274,212,0.352422923856971,286
"Ogbia",0.197065197625654,35,0.0185871411814212,3,0.573755337321216,101
"Ogbomosho North",0.209865746139716,897,0.18932687435719,809,0.231589653416536,991
"Ogo Oluwa",0.215339383840233,1009,0.192475290796002,904,0.23961005091537,1121
"Ogoja",0.274966332108996,321,0.249385404234774,292,0.301796772607643,351
"Ogori/Magongo",0.585789251484464,398,0.54369442035123,370,0.626992593005273,426
"Ogu/Bolo",0.000232883758566947,0,1.61085756871339e-10,0,0.000520661123089758,0
"Ogun Waterside",0.654505409062127,645,0.520130166084631,516,0.779742570220423,758
"Oguta",0.216638106840933,147,0.152466875254646,105,0.291813972635502,194
"Ohafia",0.256101276176165,201,0.228518152273367,179,0.285243422094568,223
"Ohaji/Egbema",0.24743586556985,310,0.128844104586491,166,0.400377178932621,495
"Ohaozara",0.310055219905283,605,0.281858585502078,550,0.339371632003321,662
"Ohaukwu",0.296307579158596,1037,0.272874064925517,954,0.320578663357477,1123
"Ohimini",0.523326104855415,1455,0.495727054542497,1379,0.550808852472996,1532
"Oji-River",0.298991175450656,187,0.27057801788823,169,0.328612826950352,205
"Ojo",0.65241246441468,260,0.542255413955298,218,0.810316685161867,319
"Oju",0.410100823437884,2243,0.383249555710062,2098,0.43741402623401,2391
"Oke-Ero",0.399026653482758,1336,0.372167088193641,1249,0.426202994587948,1424
"Okehi",0.611782557109802,5068,0.578073193981915,4786,0.644700066325807,5343
"Okene",0.614771163793467,2516,0.577548245869762,2366,0.651052903325509,2662
"Okigwe",0.260609285315442,112,0.235699894052965,101,0.286739741840187,123
"Okitipupa",0.618200544401484,216,0.491750013279573,170,0.731630545867164,258
"Okobo",0.184453795223275,71,0.125269834998427,48,0.256610030967994,98
"Okpe",0.294267327140738,286,0.0966882513097897,94,0.560485023268658,545
"Okpokwu",0.426920955399419,1522,0.398781609843723,1420,0.455507037757164,1626
"Okrika",0.000190091528468939,0,1.06769712690505e-10,0,0.000379860026172942,0
"Ola Oluwa",0.223131113422769,403,0.1963146087621,354,0.251760837620099,456
"Olamaboro",0.403251624223318,4274,0.374107059896288,3971,0.432976046070499,4583
"Olorunsogo",0.21285184608733,2192,0.187309031869716,1941,0.240320211113227,2462
"Oluyole",0.538289776812302,1408,0.50013705911229,1305,0.575967424864,1509
"Omala",0.480585084084438,7459,0.444589537046709,6907,0.516796997879912,8014
"Omumma",0.212236538505635,22,0.093892880524151,10,0.378308388925724,40
"Ona Ara",0.478372518765131,271,0.442299724700153,250,0.514534666076889,291
"Ondo East",0.470148748558065,121,0.437265060414623,113,0.503201892775243,130
"Ondo West",0.55605573863714,264,0.522505571545125,248,0.589166803208131,280
"Onicha",0.302734363047449,610,0.27358736906624,551,0.333122865449068,671
"Onitsha North",0.292465742279269,190,0.263496338400313,171,0.322761109064987,210
"Onna",0.136139159553693,16,0.0565982053314294,7,0.258471473353169,30
"Opobo/Nkoro",0.168479653837934,2,0.0373946419488417,0,0.417116345490236,4
"Oredo",0.430783137813677,138,0.247436342181988,82,0.625755475303268,197
"Orelope",0.143001480049437,1368,0.122442728105171,1173,0.165562297739667,1583
"Orhionmwon",0.432587077051328,1349,0.298243211998442,901,0.574392196985848,1832
"Ori-Ire",0.254562099432726,6010,0.23059407618534,5445,0.279684617396786,6603
"Oriade",0.360937881471189,509,0.332510070771236,468,0.390117190299455,551
"Orlu",0.27048799097928,91,0.246666759273601,83,0.295343271441231,100
"Orolu",0.201491003189213,86,0.18067361549042,77,0.223589670068903,95
"Oron",0.17155396982699,25,0.125415118098466,18,0.225180155665389,33
"Orsu",0.32337350604947,181,0.294550595070282,165,0.353236279821325,197
"Oru East",0.273987939212259,149,0.243991721602044,133,0.305415936606716,166
"Oru West",0.273714516770337,84,0.222238527044919,68,0.329078066384231,101
"Oruk Anam",0.182273854513059,84,0.077700713207056,35,0.337794598934788,157
"Orumba North",0.315884605850935,407,0.289198341427017,373,0.343508269108281,443
"Orumba South",0.325067733603568,93,0.300366792980176,86,0.35051792362352,100
"Ose",0.549222908011893,422,0.509882639948651,392,0.58813604570558,452
"Oshimili North",0.403151851043542,410,0.374441814201875,382,0.432392432481283,439
"Oshimili South",0.277013966889404,304,0.235986498551286,253,0.325252997853064,365
"Oshodi/Isolo",0.84625835776951,0,0.779456108544787,0,0.89902488063745,0
"Osisioma Ngwa",0.213565736305082,70,0.118002462918933,38,0.336620815896643,111
"Otukpo",0.472623112428815,3294,0.445621507268338,3112,0.499742429487863,3477
"Ovia North-East",0.480015420724664,1009,0.376523523374149,778,0.590802482330671,1265
"Ovia South-West",0.502862799175176,800,0.340934512840244,581,0.664369194311968,1017
"Owan East",0.543954414241554,1623,0.506164578397488,1513,0.581352508420069,1731
"Owan West",0.511075251550633,444,0.474794363957739,412,0.547300257078045,476
"Owerri Municipal",0.223321761489038,80,0.156326908297764,56,0.301086292757777,108
"Owerri North",0.264958403102789,74,0.186585784615156,53,0.354907164027444,98
"Owerri West",0.26643987588857,88,0.184349017869527,61,0.360703111372853,119
"Owo",0.545338866497015,284,0.5069379133205,264,0.583329819534233,304
"Oye",0.388388363074902,287,0.354830179709172,263,0.422704710505136,312
"Oyi",0.389268727124937,161,0.361010225273,149,0.418090062270991,172
"Oyigbo",0.175677163444739,36,0.0565350747951688,12,0.372661553530903,76
"Oyo East",0.237700910664645,211,0.210578306778095,187,0.266481699119114,236
"Oyo West",0.21590956475042,1269,0.185007297091606,1085,0.249416305970411,1469
"Oyun",0.267887312849503,1451,0.245223562591302,1328,0.291510664753483,1578
"Paikoro",0.278560725039436,14351,0.254526506144145,13094,0.30363062345133,15662
"Pankshin",0.393843780343781,26381,0.364878654723147,24530,0.42321105843597,28261
"Patani",0.290848744430559,57,0.0495394982106916,10,0.685682675961523,133
"Pategi",0.45483330049911,20230,0.42708491432195,18953,0.482840742576384,21522
"Port Harcourt",0.0695232756220409,5,0.0111300632111456,1,0.405382672900992,24
"Potiskum",0.235753285196686,5416,0.2016392135373,4628,0.272584764527687,6267
"Qua'an Pan",0.405758229528085,21905,0.378004426294889,20387,0.434330639533096,23474
"Rabah",0.0587975096393098,6042,0.0377313217122612,3867,0.0869209924785473,8952
"Rafi",0.23887313720066,22133,0.211987094588023,19643,0.267551444502525,24790
"Rano",0.277678277796048,3086,0.2317001627983,2592,0.325783044043885,3602
"Remo-North",0.688287806303878,185,0.636667795804397,172,0.736622785125319,198
"Rijau",0.18783342596718,17381,0.14613138913879,13531,0.235558387248255,21791
"Rimi",0.141132426584787,1743,0.11965689644334,1478,0.164813673433022,2036
"Rimin Gado",0.192761978886327,918,0.173424036534004,826,0.213257723317264,1016
"Ringim",0.234562540710211,7489,0.202498316071129,6464,0.269069223888977,8592
"Riyom",0.327476801856591,14172,0.30082255781245,12975,0.355051172208706,15415
"Rogo",0.200586981081901,5093,0.180169664417312,4600,0.221730892971294,5604
"Roni",0.220069933245007,2162,0.191309051796942,1879,0.250973688674495,2466
"Sabon Birni",0.0566119824887343,3927,0.0351393392575896,2498,0.0857359062574856,5854
"Sabon Gari",0.151398975686492,1368,0.13200762575636,1195,0.17363978303304,1566
"Sabuwa",0.162796764779153,4864,0.147814371819419,4418,0.178634063610406,5335
"Safana",0.128022761178082,5880,0.105284235797229,4835,0.153785809236201,7063
"Sagbama",0.277364293054953,86,0.054512699264847,19,0.644734556908972,193
"Sakaba",0.144411274756475,7249,0.119582296625868,5996,0.172181429235476,8651
"Saki East",0.148662182659951,3316,0.125683948058879,2805,0.174111070049274,3881
"Saki West",0.124942470856689,3420,0.101746591516587,2796,0.151262203817823,4127
"Sandamu",0.168383821283664,2122,0.0691064516405569,861,0.325793396072464,4128
"Sanga",0.414796631524764,12898,0.386413672997156,12004,0.4435944341773,13806
"Sapele",0.285914743992287,207,0.108470737949115,81,0.509719693629156,364
"Sardauna",0.0240534817145978,2581,0.00965039869797265,963,0.051051066295434,5707
"Shagamu",0.820676745129417,1392,0.769551992675562,1303,0.864463071640636,1468
"Shagari",0.0906143467180272,4826,0.0636596027259355,3383,0.123997664985259,6613
"Shanga",0.211575928828837,10031,0.151628609977444,7169,0.28236979322053,13419
"Shani",0.239364981901371,7574,0.214336446706532,6771,0.265982732982836,8429
"Shanono",0.171877462304516,3421,0.155228549017515,3090,0.189529281918843,3772
"Shelleng",0.168781911488568,7611,0.147157341286227,6627,0.192219290710781,8679
"Shendam",0.312326416054787,20858,0.291268006285666,19443,0.334298205085747,22336
"Shinkafi",0.0902071251808594,3417,0.063841812353425,2417,0.12296633959818,4661
"Shira",0.275128613219684,10314,0.242221357642243,9076,0.309982342599694,11625
"Shiroro",0.289173520311013,42211,0.261712727614109,38204,0.317804263364029,46387
"Shomgom",0.229774328182686,7961,0.208243605223796,7222,0.252439324493171,8739
"Shomolu",0.805702611535315,0,0.725789579009158,0,0.870472102075722,0
"Silame",0.0949569525388259,2617,0.064831476243637,1786,0.133123567707738,3671
"Soba",0.225833308466046,18913,0.211744137823156,17726,0.240403900475394,20140
"Sokoto South",0.038338740925997,116,0.0256236271374767,78,0.0549889966037856,167
"Song",0.508079227480004,50553,0.459364767281152,45590,0.5533056666682,55206
"Southern Ijaw",0.165357119161734,84,0.0259119389684975,10,0.422434159682966,224
"Sule Tankarkar",0.104796100985603,5926,0.076265499421297,4283,0.140043106484725,7965
"Suleja",0.293553892536888,1272,0.259755775023624,1126,0.329034710886641,1427
"Sumaila",0.264832932775959,8894,0.24058209603562,8077,0.290150430601127,9748
"Suru",0.188351455505212,8248,0.1114148622716,4878,0.288457405786093,12638
"Surulere",0.247961035542698,2397,0.228054033595724,2212,0.269636791277518,2594
"Tafa",0.236730720699002,1119,0.213362289289175,1008,0.261336351129936,1236
"Tafawa-Balewa",0.382087498056316,38129,0.356266458855619,35497,0.408359169489752,40807
"Tai",0.197035222813131,8,0.0501283133736277,2,0.452498298443435,18
"Takai",0.239413700166178,5758,0.214002874405413,5147,0.266277572655382,6403
"Takum",0.105321360520992,3406,0.0901495710870653,2918,0.122074384836047,3944
"Talata-Mafara",0.0942516710236593,3166,0.0646081896032481,2195,0.130115460758651,4346
"Tambuwal",0.121423397268101,8894,0.0865981501198953,6329,0.164024077839412,12034
"Tangaza",0.0648814660334538,7762,0.0397905965547656,4767,0.0992183020547295,11858
"Tarauni",0.160671642472825,316,0.137913749824129,271,0.185539736886482,364
"Tarka",0.308091302150143,936,0.289666120509659,879,0.327001597029188,994
"Tarmuwa",0.0471845409044001,7528,0.0242630931907809,3863,0.0824350412495217,13168
"Taura",0.209104082550896,4466,0.180265089575789,3850,0.240257484348937,5133
"Teungo",0.109388691812682,3345,0.0818785929578226,2523,0.141688598739706,4319
"Tofa",0.176125824951375,1293,0.156701500211327,1150,0.196885431574286,1445
"Toro",0.374223148335958,83157,0.348777414688535,77451,0.400213559089896,88988
"Toto",0.491663882420753,20014,0.458204775712397,18646,0.528621613445533,21524
"Tsafe",0.127210475149525,10147,0.108315748147309,8639,0.148092188151178,11812
"Tsanyawa",0.169492608107605,2130,0.151577488164367,1904,0.188591606461589,2370
"Tudun Wada",0.248816112825997,7028,0.223285117985537,6328,0.278928259550098,7844
"Tureta",0.0839409571848967,3460,0.0595702771774839,2446,0.114307974627185,4726
"Udenu",0.33419251406321,297,0.30866604678335,274,0.360465095372362,320
"Udi",0.36189676770896,1521,0.332191216650912,1394,0.392451886694699,1652
"Udu",0.290856932622452,238,0.0674719304228146,55,0.627912242559934,519
"Ughelli North",0.312987162029746,342,0.10135186984265,110,0.605636046417115,663
"Ughelli South",0.295879819033352,413,0.057961409054414,82,0.66914791947647,932
"Ugwunagbo",0.18046726855998,68,0.0872635936299223,33,0.310124878552436,117
"Uhunmwonde",0.47865855964101,975,0.427090544895992,859,0.530148770144838,1092
"Ukanafun",0.184054499549861,75,0.0905296274375558,37,0.314440390696917,129
"Ukum",0.167865199885013,2489,0.151840702741075,2250,0.184880538269506,2743
"Ukwa East",0.195664366431676,101,0.0871707094432335,45,0.350767446561227,182
"Ukwa West",0.1780162333564,80,0.0638694228294988,29,0.357918267556745,161
"Ukwuani",0.314214333530851,181,0.189474993786181,109,0.459459842474769,265
"Umu Nneochi",0.289846573142871,291,0.261988510584507,263,0.319042091222913,319
"Umuahia North",0.240308213889427,104,0.212553561145889,92,0.269819803401836,117
"Umuahia South",0.226596739009451,82,0.198801592439294,72,0.256295565721965,92
"Ungogo",0.150869975111816,1282,0.124867598681787,1062,0.180378064953898,1532
"Uruan",0.201805446082604,38,0.169264929904019,32,0.237521748352285,45
"Urue Offong",0.178263953438637,32,0.112736230954854,20,0.259168179216182,47
"Ushongo",0.240177656723968,1807,0.21880055108658,1644,0.262652493894344,1978
"Ussa",0.113587339422761,2736,0.0909309052245553,2236,0.139544959063779,3304
"Uyo",0.171563573471299,30,0.143236343682804,25,0.20274811647642,35
"Uzo-Uwani",0.457185817740714,2186,0.431247193051959,2062,0.483328550225425,2311
"Vande Ikya",0.244107011497654,1543,0.215501032045281,1358,0.274705491323455,1740
"Wamako",0.0647937477551617,2325,0.0429717817956363,1539,0.0932504533155072,3350
"Wamba",0.478211891226274,9136,0.44420878673834,8479,0.512520318431685,9800
"Warawa",0.22192487285834,2025,0.195652240293518,1785,0.249948151812436,2281
"Warji",0.286418002409394,7236,0.252162824643633,6364,0.321907335292764,8140
"Warri North",0.173152900429158,393,0.0820590045279828,158,0.286292122129228,715
"Warri South",0.0751577312430534,88,0.00689095168740645,11,0.185617547921496,214
"Warri South-West",0.11026624695028,108,0.0324743016913603,39,0.192808515770815,264
"Wase",0.323301442909957,43488,0.300972113272565,40511,0.346268379963341,46549
"Wudil",0.20759805772561,1805,0.181670065458096,1579,0.235514159334015,2048
"Wukari",0.20950814083079,20681,0.187254523188369,18467,0.233149944136468,23037
"Wurno",0.0481692156337495,1680,0.0297515445023406,1036,0.0734122885454824,2563
"Wushishi",0.263813812375004,10473,0.237074458468527,9396,0.292738059382151,11641
"Yabo",0.078644014195301,2382,0.0545164596141465,1651,0.10910963273112,3305
"Yagba East",0.523361413606673,7024,0.491777182044636,6612,0.554222562994883,7425
"Yagba West",0.533646189366883,6978,0.500857939058475,6546,0.566211011066482,7406
"Yakurr",0.2394135906281,62,0.21045951681499,55,0.270289211740367,70
"Yala",0.36667184782983,1206,0.34057890141385,1120,0.393345030797775,1294
"Yamaltu/Deba",0.379812409463443,25916,0.337378784226065,23115,0.421162864138107,28684
"Yankwashi",0.197880566181396,5212,0.111481515924184,2921,0.315279892531726,8336
"Yauri",0.131004041505673,3374,0.0963193872536131,2486,0.174121445280184,4475
"Yenagoa",0.237242972294358,32,0.0587421156104713,8,0.547387523061199,73
"Yewa North",0.791096796542198,4620,0.733655517491599,4270,0.840731828760306,4925
"Yewa South",0.889691326953193,1145,0.843014849399106,1087,0.926307108711156,1189
"Yola North",0.381832775722531,2262,0.316155686713587,1872,0.458662923621012,2717
"Yola South",0.448117995131816,5783,0.368014588041923,4754,0.528551423511644,6821
"Yorro",0.0828894033326141,3606,0.0688087824235111,2991,0.0988429791211415,4303
"Yunusari",0.00842335028383543,1401,0.0017414605193699,288,0.0251971850564326,4202
"Yusufari",0.0097498806565007,1899,0.00243842022809699,480,0.0265733664307925,5144
"Zaki",0.132468752006186,10027,0.103052727902682,7779,0.167827684322465,12734
"Zango",0.179351267330898,7775,0.0603435026297462,2573,0.379488703281696,16564
"Zangon Kataf",0.367158624259648,29865,0.348286297579179,28303,0.38636135890083,31456
"Zaria",0.204641325753043,3098,0.190637974626362,2885,0.219197935996365,3320
"Zing",0.0643533035963522,1766,0.0530022207807932,1453,0.0772739387797917,2122
"Zurmi",0.0973461044988014,11528,0.0726315013072222,8594,0.127132622197965,15062
"Zuru",0.154002494501943,3168,0.122011442785291,2510,0.190454544422336,3918
"Total",0.290311915895306,5314611,0.252056421199329,4640784,0.333639080650514,6059693
