"Location","mean_prevalence","median_prevalence","q25_prevalence","q75_prevalence","min_prevalence","max_prevalence"
"Miyo",0.966407552766316,0.987308075240756,0.961586376420446,0.995935465423843,0.294648342304919,0.999976278821133
"Moyale",0.950724801529132,0.975950620029464,0.939306223974717,0.990711176613018,0.263406876632465,0.999864955993197
"Dehas",0.946375088433386,0.97314938607973,0.93135499530633,0.989502690335052,0.270461940218301,0.99985604675798
"Dire",0.922507093519949,0.947384575691705,0.895883886025191,0.974603954071166,0.308148439375819,0.998958831962823
"Dillo",0.913016563092712,0.935423280947389,0.882452582725165,0.964430020226216,0.386075451160583,0.997898845911723
"Arero",0.893279119779801,0.921444812791212,0.856995186225985,0.957119226700002,0.275187594032404,0.99730220442046
"Hudet",0.865164131127139,0.89752509477122,0.813753251993401,0.945643616816791,0.236805117501223,0.997429416330111
"Liben",0.835161905751107,0.862521415596768,0.778131214467748,0.917941658030696,0.254031376287205,0.992834579537264
"Dolo Odo",0.760990336116225,0.776014270907847,0.68312196645841,0.845783224339846,0.322973362973157,0.970612239454078
"Yabelo",0.735990306574284,0.748599957259185,0.673409154013414,0.806520715421304,0.287371322934594,0.942581829933355
"Filtu",0.729532615014664,0.74608871684101,0.645556619989255,0.818987139817995,0.262283647191751,0.955897341929378
"Surma",0.723567264694178,0.72703384387939,0.686867786893096,0.765946507365652,0.519700887512133,0.876127596591635
"Dasenech (Kuraz)",0.685041216646124,0.687427641771173,0.655381781155374,0.716316120176961,0.520313597205543,0.804747305363586
"Kurmuk",0.674235439048746,0.674655368326961,0.653382972830717,0.695203602600187,0.568827481759939,0.766009104747876
"Teltele",0.670051436458305,0.675761695030253,0.620767612729163,0.72449615593628,0.392500543089642,0.855358808847061
"Goro Dola",0.669388532092563,0.676610364433354,0.592901418866522,0.751466104684292,0.254181732165421,0.932569365697626
"Gnangatom",0.634272723780536,0.63508275863207,0.606088219483805,0.66352648810404,0.48839527743885,0.745259309736332
"Bero",0.623197416151419,0.623943767210528,0.58721307152954,0.658804357380031,0.45470646175037,0.779464734930583
"Sherkole",0.614077638514758,0.613402125838434,0.593197252100136,0.635964238052964,0.51776522736258,0.711741168666416
"Homosha",0.610927212216818,0.61157454587289,0.592430249159111,0.63005292064933,0.519798524283732,0.69480316009234
"Saba Boru",0.609338509560332,0.61192342603412,0.539758908676656,0.679617301443216,0.255170607961352,0.867606600209096
"Dolobay",0.607996806022951,0.606474798144786,0.542079652538343,0.669087455951069,0.355947955938305,0.866982892023659
"Dewe",0.59604170050619,0.601046833068088,0.547388789189609,0.658584468625304,0.343249455033174,0.818578390192011
"Assosa",0.593218674149536,0.59352269696079,0.574939685981927,0.611209390367573,0.497916513298766,0.66844602627333
"Dima",0.589499844985934,0.590626483843158,0.558236271069312,0.620842942120304,0.418627789128608,0.736261593002237
"Meda Welabu",0.584478400748931,0.59143395322188,0.515425837444398,0.657561225107897,0.236439068719284,0.818205457938673
"Dewa Harewa",0.573551685447578,0.573152646541422,0.53684618166139,0.610194694406973,0.40012081453145,0.736555822447244
"Hadelela",0.5712530464061,0.575338854246406,0.520101660130204,0.635303966430075,0.316452606313918,0.813950034481449
"Dalfagi",0.571093396329562,0.573214396377821,0.522271848770742,0.628195533364699,0.338873513678008,0.797744793517615
"Bati",0.570924895584738,0.570618378574244,0.534879555336065,0.60961319492754,0.391633951062198,0.734067365332801
"Argoba",0.564711467389816,0.565347765037123,0.529113061949307,0.600173008847056,0.395190785691205,0.732388916486964
"Telalak",0.560817979757192,0.561467134562905,0.492637840739053,0.63795242789087,0.239507720053896,0.863231985011934
"Menge",0.556408469316803,0.556188823199526,0.538151008586355,0.574340232537006,0.470207836116762,0.637914763250668
"Artuma Fursi",0.549894482314575,0.549768429707977,0.515878329022383,0.5874388237093,0.381011296604368,0.706930710563631
"Maokomo Special",0.544693586922607,0.544553528173953,0.527383598957639,0.562188273884103,0.46102668825907,0.6215849149392
"Gishe Rabel",0.54258409133077,0.54385285182015,0.501204065858002,0.583989274578472,0.362895689619357,0.720518598012806
"Antsokiya",0.542340561650262,0.542701699864069,0.508185311157813,0.579141737827245,0.384023501186105,0.686406102869533
"Dewa Cheffa",0.533553648121827,0.532760838330614,0.50244529296024,0.56618727904506,0.369547604550849,0.678361863509985
"Melka Soda",0.526615391746155,0.52643369692282,0.473917445554824,0.577584746246697,0.271738912137185,0.744014586575019
"Bure Mudaytu",0.526451752508116,0.526085165029695,0.474907453115482,0.582906155654888,0.281035126474644,0.747652416174292
"Menz Keya Gabriel",0.524969460555146,0.525227110416304,0.489128647286079,0.560784990016895,0.370707816176352,0.686452353352946
"Menz Gera Midir",0.524898757565647,0.526535906273845,0.483514164619576,0.567705234366219,0.347931090451959,0.692415702987324
"Kalu",0.523979363778635,0.524459757272778,0.491603724859136,0.553937956601813,0.375972206398843,0.668366671835848
"Jille Timuga",0.522630030809373,0.521647357146987,0.489183597782345,0.55561527809628,0.367633087603214,0.676393724367755
"Simurobi Gele'alo",0.519638440219275,0.519546677119529,0.483903141785972,0.560238435064525,0.344550143176452,0.702606164860662
"Menz Lalo Midir",0.519572622127766,0.519849962265782,0.482540607121534,0.556834065585541,0.361248570400265,0.68439430744473
"Chereti/Weyib",0.51419075090075,0.511718034612338,0.453295782165216,0.566422352077467,0.296546606570102,0.757603624642399
"Eferatana Gidem",0.513844151220581,0.513866174270976,0.482916166655338,0.545252879856162,0.351558230564263,0.660185895898067
"Were Ilu",0.507847448274759,0.507002628726398,0.472473316864454,0.542389554578659,0.362400763947679,0.665414889256334
"Worebabu",0.506369071512966,0.505178702339351,0.474814925336077,0.539666287032345,0.355295639199382,0.659905445805329
"Moretna Jiru",0.504766192713907,0.505343507694898,0.470573493312485,0.538680238198834,0.363628400408783,0.640067791819332
"Gewane",0.50275963733706,0.503468638621474,0.454776823892807,0.553018531895473,0.277643716686648,0.760384356946042
"Bambasi",0.498713871353787,0.499336504730539,0.483372228686574,0.514735522999567,0.429155979915204,0.580150746557221
"Dessie Zuria",0.497451624127284,0.496272004536186,0.466648336417375,0.530148336092373,0.36344203475279,0.63993577149308
"Mimo Weremo",0.497347730130908,0.497749868860323,0.467310070159808,0.528080499544538,0.36839861734962,0.631045016490522
"Maji",0.496370117874921,0.496325674408052,0.474825924108324,0.517094522488395,0.393705707704133,0.587376172888301
"Jama",0.496342710541209,0.496044155668422,0.461387364432349,0.531103366441587,0.356081009488204,0.654240332624605
"Menz Mama Midir",0.495384872043731,0.495204198997975,0.460219644788395,0.531457696442034,0.347102302651794,0.652209828170277
"Dugda Dawa",0.49512962267232,0.496968140538871,0.452973491516475,0.53745745747982,0.271887381756479,0.663760521690513
"Kewet",0.494663220281182,0.494375711628202,0.463457295454139,0.525390927152785,0.35602453658555,0.637148111989897
"Legehida",0.491361493457578,0.491117125639987,0.452491198754482,0.529840687959267,0.318199646816069,0.646829480712155
"Merahbete",0.491349920188956,0.489439662405274,0.463674761154586,0.51908526634977,0.36847271876007,0.616910288830673
"Albuko",0.49104547316783,0.49057315272289,0.462306618046979,0.521497620603067,0.373573710806779,0.622776435402469
"Kelela",0.490683319467197,0.489177878850284,0.461369490857667,0.520070373221072,0.36434163860313,0.630930700326359
"Kutaber",0.490380151928553,0.490247227659196,0.453878811319705,0.527576182998718,0.341242316369221,0.651446688251688
"Legambo",0.490358680728661,0.492262662107264,0.45204781340064,0.530183949712399,0.316869984962661,0.655642560549568
"Thehulederie",0.488186090899904,0.487001643289541,0.456812178357119,0.521226365605857,0.352238629247656,0.628598215899776
"Mojan Wedera",0.483844925969862,0.483793476549759,0.450760931378531,0.517429928131146,0.33848329638702,0.643809447503689
"Tenta",0.483750180571917,0.483806573451681,0.4468094667626,0.520428067996312,0.312667200251754,0.638828545310835
"Amibara",0.483192661379918,0.483168365517146,0.446016003377371,0.519337328499154,0.30657817123793,0.663032163687294
"Sirba Abay",0.480649821625572,0.4798509837085,0.461955311232696,0.498142461743533,0.404780289992886,0.577638765477654
"Tarema Ber",0.478324239327024,0.477526592953051,0.450134878164577,0.507645918585097,0.347905632819188,0.616916180109924
"Ambasel",0.477726800762911,0.477509878023733,0.443007652846808,0.512593677667286,0.337993494692598,0.635512549296555
"Dulecha",0.475676265018036,0.474179966091421,0.440471554946502,0.507993288225489,0.323221228989185,0.650203913556834
"Sayint",0.473301063625335,0.473129708010207,0.441450222900786,0.505715341845641,0.330250402056803,0.63011831284372
"Argoba Special Woreda",0.472563031186755,0.471349202131097,0.442170774270856,0.502935905793345,0.331284162505148,0.624326591880291
"Siya Debirna Wayu",0.472080211963472,0.471137607395813,0.43744491187528,0.505151279515764,0.332492313563829,0.620344181083392
"Bilidigilu",0.471047200997575,0.470949996785754,0.456285755264992,0.486243780646349,0.396777798763439,0.541099923264608
"Ensaro",0.468282579002045,0.468605778795214,0.436955014529101,0.498998133365412,0.34170929867863,0.609857544855433
"Mekdela",0.46707797848049,0.46688506830878,0.432272128794695,0.500720807479986,0.31612433541401,0.628192950585176
"Basona Worena",0.46631205261182,0.466484199536959,0.43389401964833,0.498483007201651,0.323755350741198,0.619301482455371
"Wegde",0.466254801307331,0.465228655866565,0.439296853363493,0.492129442156111,0.350908177369556,0.590431408490672
"Hamer",0.466066632591506,0.466241016847713,0.450907758176068,0.482011898400953,0.397122674093787,0.537122530954812
"Guba",0.465322181210353,0.464767148554502,0.434888378725644,0.495708373575227,0.32805012012161,0.613519878330591
"Gerar Jarso",0.46265555166899,0.462027612590746,0.437325734455239,0.48733221422767,0.351454550360712,0.574852448969123
"Mehal Sayint",0.457071557534665,0.456013353430044,0.429542962792986,0.484040004370215,0.33837075265503,0.59607637145942
"Begi",0.456998808573676,0.457198271003031,0.441267714967746,0.473036792071381,0.389000277674437,0.521877678748627
"Debresina",0.456440966607766,0.455809132270833,0.430822025540673,0.48212229437949,0.339553327244351,0.591834923345714
"Shebel Bereta",0.456086536556034,0.454248266644551,0.434079767063797,0.479207515040268,0.34473860913725,0.569179235044846
"Ankober",0.454097170811541,0.452758945258427,0.427558551423894,0.481662322276488,0.331432153052169,0.591034834648757
"Habru",0.453749867233776,0.453371713058366,0.421288369739279,0.484174137604528,0.306024838416988,0.605817230731582
"Enbise Sar Midir",0.452364943448857,0.451269348875771,0.426640850426401,0.478038135459675,0.33949422364246,0.583669614639902
"Afdem",0.452028940945197,0.452677973917975,0.40499973519476,0.496183157132817,0.218122280394948,0.720450798464813
"Afder",0.451399933623231,0.44795842779318,0.411304276202124,0.48647216972685,0.316399074603633,0.644723117422905
"Adaa'r",0.451015450137046,0.447592963637643,0.356896960865343,0.538115541209041,0.12540816872663,0.837878948001284
"Abichuna Gne'a",0.449995855050247,0.448554557893013,0.42138318323655,0.477732743875455,0.318006323724169,0.583443716229038
"Delanta",0.448380376777102,0.448659157161923,0.413396057239174,0.484286684033633,0.288533417086911,0.611273535057456
"Quara",0.447404626539464,0.446064246247019,0.412117026560942,0.482396592534049,0.28561491174425,0.606504278065354
"Mirab Armacho",0.444506593224038,0.44300156999415,0.402975305608642,0.48401059563768,0.260105426377349,0.62156527729783
"Awash Fentale",0.443738226558373,0.442206089120719,0.412274577825026,0.473475796435567,0.299298789147525,0.602818436164263
"Debre Libanos",0.441308189448356,0.440331821456811,0.417169986511969,0.465395778555481,0.326844806173392,0.550288773184935
"Gidami",0.441198597119849,0.440810497459173,0.42647685542484,0.456367974657195,0.367029667626105,0.512252527655462
"Berehet",0.439219454243646,0.437475735683454,0.41330638894646,0.465407471809015,0.321522506910942,0.58537829952111
"Mulo",0.438514987815483,0.438862231943626,0.415321383829818,0.46339220021341,0.311821630724005,0.546668486019362
"Guba Lafto",0.437913805875688,0.437422725393226,0.407146371023795,0.467775129383948,0.308298433694796,0.588008450527104
"Wuchale",0.434879748872298,0.434569265431245,0.411495810484285,0.459588494692464,0.316384453467513,0.542572047637295
"Yaya Gulele",0.433189739047667,0.432035179935412,0.410381915442728,0.457002692863435,0.317483753531669,0.538549972166481
"Degem",0.432265045764864,0.431734670597484,0.409572811164525,0.455350412223462,0.319474193461895,0.543199761299235
"Bare",0.432213050493555,0.427985964293017,0.397224585548037,0.463096017316207,0.309625651347115,0.601175798205193
"Miesso",0.432125432626358,0.432149768277933,0.401734275320746,0.462639023812961,0.286346118498648,0.61532684396844
"Dawunt",0.431355743483103,0.431440049151589,0.397278490113864,0.463632949188944,0.287013822286795,0.58123349750009
"Sululta",0.431056198668734,0.431794386594589,0.408021620985624,0.455841055268625,0.30542295751249,0.549672178155521
"Assagirt",0.430336870720755,0.428973972653187,0.405481545384529,0.455977055412496,0.321003479977498,0.568925960915712
"Hidabu Abote",0.4299460494164,0.427897869007856,0.409662052055775,0.449975271525917,0.341286160266985,0.524660256129845
"Jida",0.429866228075969,0.429686788446125,0.40574471812488,0.454396356334611,0.30921632325404,0.551006184948729
"Gudetu Kondole",0.428658032658413,0.428692427736175,0.41483325598212,0.442474753686153,0.366957007157146,0.501470619584674
"Angolelana Tera",0.427669383177622,0.428274830555868,0.399864082029469,0.456241937877769,0.2978613278371,0.567646035615611
"Hagere Mariam",0.425198539985218,0.424669919465134,0.398857611826555,0.451880866561456,0.308637719446618,0.56209030786343
"Adda Berga",0.424738087815589,0.424762480336024,0.405389110232335,0.445872752986748,0.313254623113202,0.52882732207379
"Erer",0.422903517193419,0.422138633463543,0.380714487041255,0.462999181893515,0.226381525879119,0.663975160178419
"Wara Jarso",0.422371883944215,0.420407218039034,0.404728640083039,0.44041794523528,0.33600264608171,0.51231627030324
"Kuyu",0.421665824072668,0.42092797116059,0.403083778448548,0.44068017048682,0.329608684955102,0.514307754061413
"Kembibit",0.420784359903698,0.420376252630027,0.392476240155856,0.450193167445306,0.292360294126788,0.548784922399489
"Itang",0.420200757640493,0.417496722728357,0.398094431610145,0.439540897181818,0.333926608166883,0.528389204466054
"Fentale",0.418157826329405,0.416659290092223,0.392011017363452,0.443429032803925,0.293085193313999,0.554978363847526
"Goro Baqaqsa",0.41765810053798,0.416459025012469,0.367429427363372,0.462147043558375,0.230834560917426,0.632325086942741
"Wenbera",0.417647806568846,0.416514626840797,0.401112739146783,0.433592089426786,0.355157817390381,0.501354021462575
"Wadla",0.41643829557981,0.417989313303601,0.382834379231793,0.450111059042832,0.261510142643362,0.567596279823424
"Metema",0.4158015316181,0.414971559250765,0.382444212896689,0.447439734267872,0.2741662725519,0.555783109424504
"Enarj Enawga",0.415558156960363,0.416127280749113,0.394036196973895,0.439662032122096,0.306766562155881,0.537651542515172
"Minjar Shenkora",0.415299026766257,0.413439387097976,0.393176961005873,0.439297592860511,0.313516534545294,0.54906317978508
"Aleltu",0.414077318607875,0.413868118309948,0.389082271005319,0.439590550771002,0.294647525043377,0.541034130322646
"Mustahil",0.414016917634764,0.411126503264614,0.378478746912896,0.443910212455123,0.286721543754311,0.573848607556434
"Walmara",0.41375092366304,0.414377440981598,0.392090839118788,0.436296563121106,0.299391702349275,0.512980893114594
"Mana Sibu",0.412368204632397,0.412308453564039,0.398071543416301,0.427213899403613,0.349350998700317,0.47843879629375
"Shinile",0.412174205016008,0.410442165669374,0.369430082920519,0.451876631870859,0.186858327723654,0.651747255805745
"Dejen",0.411395159854189,0.409933224783073,0.392742438974043,0.429336131898489,0.326235117176203,0.503717963615398
"Gidan",0.40995317270033,0.410616644168063,0.373735101765448,0.447917023912229,0.250255143911943,0.566589118279184
"Bereh",0.409289885057771,0.409342665189946,0.385990893864712,0.433238471004242,0.292937068723192,0.530016881798349
"Ilu",0.407811758690695,0.407535376385802,0.388066533233968,0.426142228962695,0.313707482111135,0.505696291678908
"Goncha Siso Enese",0.406922549886255,0.40606818376601,0.384869976392633,0.429250468594841,0.310767561959341,0.526638736884108
"Meta Robi",0.406305737534005,0.406707916635311,0.389420461043961,0.423345453125528,0.312850687086428,0.485743966659918
"Tach Gayint",0.405984640261636,0.405360930260288,0.376209983301569,0.434094323511606,0.287578118628297,0.547851496958653
"Ferfer",0.405784173803292,0.40331195017188,0.36895847886003,0.437113475603995,0.278192849774936,0.56844306858864
"Abuna G/Beret",0.405512688660333,0.403608606330347,0.389787764598553,0.421458648198119,0.329686712306778,0.493927244016725
"Ejere",0.405364224107984,0.405166262009846,0.385911454795438,0.424922735385452,0.300768371959152,0.507451549863551
"Hargele",0.404563898166971,0.401433553588207,0.369758589662953,0.434542026226316,0.288664173049989,0.57433888169413
"Alem Gena",0.404176346196692,0.403948664142324,0.385647140318512,0.421676270010803,0.310266799768692,0.501482492879621
"Kelafo",0.402809987755423,0.399829174399845,0.368397505755103,0.432470904606194,0.281307697348742,0.557844234822237
"Lasta",0.401312683429942,0.40001138554082,0.365359441646296,0.436813039798137,0.255120938716326,0.559589962621161
"Gimbichu",0.400539146837563,0.399040804655093,0.37658651831263,0.424223698279315,0.301898910846162,0.521646630102813
"Simada",0.399774004658624,0.398896503337472,0.378955595196684,0.420402737307518,0.299911222575918,0.518043788374645
"Meket",0.39910829393791,0.398552855430021,0.367835488818191,0.429687551544055,0.263174976811465,0.544122175702383
"Dembel",0.397713704753267,0.397752735141353,0.371223941898414,0.424143641451424,0.271977970240745,0.523340930039643
"Selamgo",0.397235244934664,0.396140733290657,0.381616808624169,0.412799298031768,0.325519075306048,0.485762363072856
"Akaki",0.396985315595028,0.395243401874325,0.377235870922627,0.417049988804052,0.304732249019795,0.500280455999432
"Enemay",0.395658991822827,0.394942540642646,0.37522645844895,0.41630175360857,0.299700547110033,0.500171909030856
"Shilabo",0.394352180896617,0.392064008727137,0.35916370414945,0.424080460102075,0.26800621327197,0.547679636064594
"Gaz Gibla",0.392921657172872,0.394313778452812,0.356686864688314,0.429453780310094,0.230104167356852,0.563183638671001
"Debeweyin",0.392705552087872,0.390248542331812,0.359051314035542,0.420611486974276,0.27246142540723,0.540997387006554
"Awabel",0.391541738799142,0.390530093164521,0.3744204333192,0.408698702396066,0.300539701089115,0.483286528337989
"Baso Liben",0.391106072576907,0.389588415260393,0.37517600927201,0.407667014303065,0.316587255769101,0.474086935345559
"Tole",0.388954193443066,0.389050649242181,0.368509185043085,0.40918016195544,0.286632668843197,0.50156664503967
"Ababo",0.388763451944513,0.387671988034455,0.372372945290435,0.40404966586811,0.315668200205402,0.477423344901576
"Mieso",0.388142748611151,0.387027853937808,0.362198254141833,0.414101317232472,0.271374017773394,0.52250689505339
"Adadle",0.38761790713,0.384538350994875,0.356767622790727,0.415493079778741,0.269033994694488,0.53745229718233
"Dawo",0.387342629218667,0.387161612385114,0.369768324631912,0.404181661382651,0.293546438673169,0.479734328123646
"Gode",0.387161856844388,0.383859412498306,0.3554185687978,0.415876991895462,0.263550760085583,0.534529117204265
"Kersana Malima",0.385256133080712,0.384778156328466,0.368007172038897,0.402504598937507,0.297607617067479,0.483841593920361
"Dendi",0.385101477669641,0.386772259513357,0.367630562203445,0.403258693705198,0.283909937157746,0.469903297981528
"Jeldu",0.383856118490912,0.3842901727256,0.368526583268748,0.399151892633942,0.300845641051134,0.464582959889041
"Aneded",0.3838355948624,0.38235253458737,0.366897584584441,0.400088052257552,0.301642830860568,0.462182848982084
"Ginde Beret",0.382758323887441,0.3820089387903,0.368784673732105,0.39676051472154,0.310909409314105,0.468085560982239
"Debay Telatgen",0.382458266595629,0.387987739039986,0.357555182913662,0.411405622108551,0.265273393344675,0.489623188616721
"Boset",0.382273943796104,0.381055365159032,0.36124449716803,0.402319763811208,0.293051603919651,0.501343993347674
"Total",0.381717734446703,0.381392912432354,0.364492306848701,0.397191212575232,0.30568809842992,0.451531743057092
"Gura Damole",0.381524579203935,0.378807444304379,0.335563681757494,0.426391741112643,0.208361910356901,0.580391187333064
"Ifata",0.379839835206318,0.380773498195267,0.3621473786128,0.397678631889108,0.284324624684671,0.46580192047681
"Bena Tsemay",0.378450251798869,0.37856195399982,0.364997313987737,0.392422078877792,0.316408701883684,0.45062455337334
"Geladin",0.378303982838281,0.375198500840488,0.343558136107526,0.4072078937607,0.253370940021342,0.520550696298809
"Kebena",0.377827787464002,0.378368206312027,0.363865376515852,0.392174277790095,0.308055455526091,0.441229064004067
"Wadera",0.377644455546909,0.374236437853678,0.341897985396865,0.412536941471149,0.240286342050367,0.527848506443558
"Ambo Zuria",0.376996235669548,0.377137946422231,0.362907018437133,0.390468663633387,0.299320912782233,0.455031276196138
"Dire Dawa",0.376696010483721,0.377237576220826,0.352930733049508,0.398313056885775,0.276300404704672,0.478573061848428
"Bugna",0.375530998992314,0.375478420150431,0.3464305325631,0.404016521552782,0.249368660180111,0.524403933819843
"Guduru",0.375407757129057,0.373562684804979,0.352649386143685,0.394493095818501,0.269670430124469,0.525735519697392
"Hareshen",0.375286799157437,0.375656993278302,0.352067629331945,0.397972331428235,0.27530298748047,0.473022043286004
"Warder",0.375258526721162,0.372387272054298,0.341269634451418,0.405156012135726,0.253488062464011,0.515491544839208
"Aw-bare",0.374978473176581,0.375550260339396,0.350428557705766,0.397800298310159,0.272293828151048,0.4728170188916
"Ada'a",0.374886842111625,0.374162127963726,0.357845058850084,0.391395013729959,0.30231145840078,0.464829759594451
"Sodo Daci",0.374876809738442,0.374342003937425,0.359417002564758,0.390323303392403,0.296369743229708,0.467631429743634
"Kebridehar",0.374223650692365,0.372025232533297,0.343328775974952,0.40077977418666,0.264708726253974,0.50211961488357
"Wenchi",0.374007253801715,0.375968249937959,0.356752186970814,0.39160859457898,0.278702383297237,0.457201209281861
"Waliso",0.373526033041984,0.373175080378657,0.357164532721113,0.39054100447624,0.293843737816531,0.448916846908376
"Esira",0.373311341947616,0.372643662704133,0.360206545121348,0.386452385058037,0.303167217373158,0.439589786361582
"Liben Chukala",0.373151941471633,0.372220478747986,0.356425964885855,0.389133580272544,0.303216726191385,0.470655800613045
"Abeshege",0.372767545554018,0.372421370135454,0.360110896616656,0.385609425944402,0.314147843732062,0.434313229354568
"Aware",0.372494515113751,0.372372826965962,0.34778508489273,0.396993335411463,0.274185430841402,0.47481268598047
"Guzamn",0.372213127367435,0.37114946646083,0.358744899409871,0.386600747192872,0.302410572667129,0.448519869492413
"Loma Bosa",0.372114107657276,0.372191490916401,0.359673035697252,0.384850820022443,0.307921985628272,0.43647795114548
"Seden Sodo",0.371661670108181,0.375016946288313,0.35251989678751,0.39175679133915,0.265427294817645,0.467298322005164
"Chinaksen",0.371381786703476,0.37226648832276,0.348127022765222,0.39330755307601,0.271571989497438,0.460361673515783
"Shekosh",0.371322525787021,0.369882471866037,0.341536061999433,0.39692865970813,0.268535422766095,0.491718799092462
"Jibat",0.371263193650101,0.372457549907336,0.352240732063762,0.391941215663553,0.273960746480538,0.474172849822821
"Male",0.371209442422031,0.371395610583776,0.359047858532426,0.383128658503867,0.308853290806662,0.430546930393682
"Dire Dawa/Town",0.37110032550589,0.37329046071423,0.345591419855991,0.395512348427403,0.259125664918847,0.481848339873527
"Dera",0.370955322875285,0.369574754741778,0.354331071724287,0.387082356608817,0.295622117336651,0.461880335336447
"Gunagado",0.370880633100118,0.369849152397616,0.343438040936858,0.396108147502773,0.275264584555113,0.485608796443048
"Anfilo",0.370785424725104,0.371162418598228,0.357437128086063,0.383060049201215,0.315792740370619,0.436405187763221
"Akaki - Kalit",0.370483258655418,0.372528535961052,0.338389535492985,0.4016682826444,0.232607633034649,0.505965052351262
"Kondaltiti",0.370465905170307,0.373372743682515,0.349912808964021,0.392503957920275,0.263100155235934,0.464621374362263
"Tsegede",0.370305446557877,0.369569004533975,0.338399325874848,0.399111768725114,0.246561041417836,0.497991258205099
"Gashamo",0.370222439900462,0.369703975624816,0.341751641154964,0.396361251034696,0.270402682276367,0.488364820054481
"Yem",0.36857558127156,0.368486127755439,0.354056438677129,0.382703761175238,0.287823952680688,0.437501369052824
"Boloso Bombe",0.368512726653286,0.366621551370534,0.350521250074463,0.387838521448767,0.293295231383481,0.454490135446413
"Kebribeyah",0.367883179781915,0.368794677134474,0.345265580184504,0.389214766635077,0.268426799582202,0.462009834330704
"Gurafereda",0.367837091759145,0.366712059656049,0.35316498193046,0.382711081928072,0.305513114876264,0.443868468558258
"Debre Elias",0.367326318103631,0.366118510643669,0.353274000388375,0.380814809634842,0.301196421295237,0.448807401118586
"Jijiga",0.367219092919244,0.367672213486247,0.34373241570486,0.388442513746662,0.266563153230641,0.453677202030172
"Mida Kegn",0.367061659408914,0.366907502664762,0.352984103334546,0.380493057322163,0.296656201317703,0.445280343873663
"Senan",0.36699128951828,0.369640915400033,0.34511573819494,0.389982582607339,0.268695353166437,0.456612040361157
"Zala",0.366814231542925,0.367173416174569,0.35568281973695,0.378050987369169,0.309397928162799,0.421660453449679
"Tembaro",0.3667927528024,0.365515361640654,0.347737777900068,0.386723833074513,0.292349496316786,0.456092204282596
"Abay Chomen",0.366137117495916,0.365028390231374,0.351077080800583,0.379916268153821,0.299829489452501,0.460923710088935
"Lome",0.365822683159791,0.3646400343742,0.349012195779326,0.38324483866961,0.295224930024264,0.465828806634415
"Nono",0.365690590368299,0.365031561900507,0.347407896674723,0.383867294621032,0.290454108702017,0.450277925096259
"Dangura",0.365000245708148,0.3643751560024,0.34645627937722,0.382126540034572,0.290524560705677,0.467242098149588
"Anchar",0.364731853349072,0.362410726695034,0.341996209025266,0.387619698689947,0.266295443076486,0.505736135108159
"Denibu Gofa",0.36440450143451,0.364857250008366,0.352553236642435,0.376168409168334,0.306091279261253,0.427090496292823
"Melekoza",0.36415980751747,0.364943304325915,0.351989605584923,0.375301661050913,0.296621475927523,0.42739505386052
"Denan",0.363921904578478,0.362171062821352,0.334503831137173,0.38982424543921,0.255188428011738,0.49004386987634
"Kombolcha",0.362367201604151,0.362751315608268,0.339452064379998,0.38456505239483,0.263142416062,0.450715341097932
"Basketo",0.362187590519924,0.362261898413663,0.350074983223364,0.37390078561274,0.290371139599662,0.42599246216019
"Hulet Ej Enese",0.361822260976419,0.361961140977827,0.344112069336595,0.380540061344724,0.270125734313608,0.462225553167843
"Ameya",0.361786888436371,0.361839574765961,0.34888302575865,0.375866887921153,0.289779992440584,0.431088067384094
"Kindo Koysha",0.361683997521678,0.361388203488921,0.350689187422259,0.372892136062821,0.303090593667779,0.417643838974572
"Boh",0.361560710699448,0.358858637915823,0.326031807166405,0.392382126958633,0.239891535368544,0.49944302498359
"Bora",0.36141828589121,0.360381785315651,0.345828411161002,0.375884248567647,0.286028665797847,0.462637104774774
"Babo",0.361227492688573,0.361159340718111,0.348492939667848,0.373465608444703,0.305302806161097,0.424498562867581
"Gena Bosa",0.361093406588663,0.36016712621145,0.348529956053179,0.373923048192695,0.310224538236138,0.427531943765291
"Ubadebretsehay",0.361023258078368,0.361807690082855,0.347642260739742,0.373139546575508,0.295307610784438,0.420204609725461
"Cheha",0.360479899293239,0.359578902150259,0.34401088654607,0.37690510833345,0.295231473547386,0.438059232637624
"Adama",0.360375339148402,0.359880068100153,0.341991726579588,0.379371274611787,0.278726062969287,0.465206748389472
"Degehabur",0.359892702852889,0.359682317317926,0.335424989874115,0.383859259561274,0.265458711635959,0.465671667814894
"Kokir Gedbano",0.359681678931016,0.362338406491904,0.338150114866276,0.380239957531699,0.260989594447977,0.436143300338515
"Danot",0.359367945393818,0.35755584657127,0.325928268714122,0.388445147689888,0.245552378510244,0.494199860325848
"Konta",0.359281574030493,0.358833263429205,0.346877484203415,0.370808630531544,0.292433965630763,0.426662298934665
"Tikur Enchini",0.359217718444007,0.361041860831617,0.341709655968919,0.377142239731258,0.270196153702339,0.44090484369226
"Menit Shasha",0.35810997937485,0.358231405323629,0.345851608892044,0.370295004640387,0.287482126313136,0.426373608331212
"Dehana",0.357408111599311,0.357054781648136,0.327518748746762,0.386706601943486,0.232995648723057,0.503081607369685
"Gursum",0.357378766578644,0.358682401638826,0.335014517811908,0.378745406327657,0.25879082128461,0.446801746601694
"Konso",0.356586081830228,0.357235451027742,0.344795827398802,0.368883509872944,0.299098823320535,0.41368606466935
"Bako Gazer",0.356515470062878,0.35655893096808,0.343925716584139,0.368359171839867,0.289377068534464,0.418081557599229
"Jimma Horo",0.355715034079074,0.356168695865404,0.338204793037041,0.372673006388552,0.287819868416492,0.428176548469896
"Gawo Kebe",0.35439203254693,0.354728021764342,0.343106949500847,0.365844139655081,0.302445582825116,0.417615780501887
"Lay Gayint",0.354140956221346,0.353905052350872,0.326718380855179,0.380683358150736,0.238869556736272,0.47989153411426
"Alle",0.353786365016767,0.353575412724122,0.341087297475657,0.365930751761863,0.296021925725829,0.415979204884315
"Tocha",0.353615154242116,0.353770969884742,0.341353796805255,0.364788403889462,0.289828349986326,0.419344108752578
"Odo Shakiso",0.353195798012562,0.35093680522442,0.325358317491836,0.381167646352229,0.245350346504376,0.475021682792117
"Jarte Jardega",0.352468216493361,0.352367256195613,0.338283090446062,0.365994755776854,0.285134746388367,0.4376579099088
"Fedis",0.352307717543473,0.352782705129301,0.331026324498927,0.374278557707031,0.25682079597179,0.434178634759764
"Kiltu Kara",0.352247033096935,0.351610433032544,0.339492727429455,0.364849633501511,0.298440731484415,0.413682233979723
"Mile",0.352101194948921,0.337268011230183,0.255174687290688,0.441904028128163,0.0497076856932847,0.805721680550292
"Amuru",0.352035449558381,0.351297567841502,0.338487486451628,0.364929081636144,0.291473426523002,0.433494143584932
"Kucha",0.351515953380874,0.352130042783448,0.341307402669896,0.36165026770488,0.297720430223471,0.405354836841764
"Arba Minch Zuria",0.351494085627447,0.347748780305221,0.331366449311314,0.370941888345206,0.267401412063451,0.438270111385804
"Gog",0.351267716191672,0.349854506335268,0.323157342576002,0.377940554642645,0.212039058857785,0.494805842268917
"West Imi",0.351084116592834,0.347732560421596,0.323761091855079,0.376225923226012,0.247232808297618,0.48920342907613
"Michakel",0.350777177869874,0.35134973386464,0.335200746116255,0.366462556284204,0.2712599027523,0.425606949592708
"Enemorina Eaner",0.350553915972263,0.348776921972497,0.329734887280246,0.370808721792544,0.275633768000656,0.4294564119872
"Babile",0.350492787893415,0.351267592344056,0.328693584162976,0.37190013636317,0.255095417450411,0.445210795285765
"Becho",0.350239942079216,0.350144059557793,0.336844212680924,0.363994050113738,0.27720352905684,0.422685405784323
"Dugda",0.350062409449626,0.349830237941071,0.333200025389803,0.365941974072898,0.284266053263661,0.433864367265499
"Soro",0.349903690675382,0.350551899019257,0.33674507143387,0.363086090196291,0.291833033872543,0.406113491777807
"Cheta",0.34979648382487,0.349917786970617,0.337964762591707,0.361509994820934,0.274815279439088,0.413162477734399
"Horo",0.34947438231282,0.351355354540367,0.329441831714634,0.370548156758982,0.257266427897443,0.44088841963295
"Chifra",0.349391648122386,0.342091274569506,0.281573126463695,0.413745549002543,0.119673951920911,0.70836040128839
"Geze Gofa",0.349236604616438,0.349626137534338,0.334123916784416,0.363187733525682,0.277856048656001,0.41232287147102
"Abaya",0.348718414476444,0.345930477791477,0.325203547083283,0.370675344523964,0.274499603179718,0.443399003681766
"Toke Kutaye",0.348047716588446,0.347989635868635,0.333041560943362,0.362754269452854,0.274500826725775,0.413762297740496
"Bibugn",0.347752167050683,0.349801811510307,0.322234377736921,0.372729538694154,0.258618422966544,0.45239800478362
"Decha",0.34726794830612,0.347393316613705,0.335898738783425,0.358803822670105,0.279223902541729,0.411831677534801
"Ayida",0.347191831753681,0.347733731879457,0.331117182828146,0.36334641994164,0.2652263268735,0.424926622310253
"Burji",0.347121240050822,0.347764651502854,0.332561760942707,0.361919883916056,0.281729765116863,0.407498843584574
"Kindo Dida",0.346967477922756,0.347245540805643,0.333746722767506,0.360580237259986,0.288108230530854,0.404987963716103
"Merti",0.346954682474403,0.345598041458167,0.328952220937711,0.364900557188882,0.271789177545958,0.46217808468412
"Dembecha",0.346827559915906,0.34632761799691,0.332995077288923,0.359989165967408,0.284006411351291,0.414658035361202
"Jawi",0.346814404338203,0.345909755313834,0.331201952281202,0.361631472187409,0.276967592343921,0.425740203011922
"Harar",0.346470970177867,0.347357793904575,0.324058012915534,0.367996524584178,0.247535828646989,0.430494588150682
"Haro Maya",0.346184193103114,0.347125575877184,0.324460095042684,0.36810487674338,0.251814852095932,0.426765034419819
"Daramalo",0.346163549102011,0.346439029633492,0.333812436519401,0.358504404167976,0.284618286925939,0.404738125629527
"Yeka",0.345938463408223,0.352407848974234,0.287598749498322,0.401440959278773,0.134081878883671,0.566254655579457
"Gelila",0.345829795599791,0.348721166083481,0.326011502053476,0.3654641427819,0.264451150223391,0.425857980713842
"Sekoru",0.345577393820099,0.345202775704858,0.324937588816478,0.363973364519863,0.274120887700449,0.42358300654054
"Limu Seka",0.345248109212145,0.344899543728387,0.333634778309206,0.356628541495801,0.281006348853769,0.414816966342602
"Goro Gutu",0.344854935704662,0.34616910116896,0.32351255282927,0.365844855722665,0.253316239769826,0.446566532900572
"Sodo",0.344559078973606,0.34449022473371,0.331190509979395,0.358136782045504,0.275621393843252,0.422006766856614
"Midega Tola",0.344288411854117,0.344982359532766,0.322391252774842,0.365666612338003,0.250862486724593,0.435568439919205
"Dega Damot",0.344230266880194,0.345602196902348,0.326406596925988,0.362833344405929,0.260156419700341,0.434419051219886
"Degehamedo",0.344229155952379,0.345165093779127,0.321542400727886,0.366592005703295,0.249250558249885,0.449643775666192
"Kemba",0.344221660658359,0.343870958824621,0.331704634492783,0.356734883806809,0.289383895009867,0.405261845574532
"Doba",0.3440866026158,0.345252217405475,0.32232789845376,0.365050035731395,0.241172888700902,0.435535347052156
"Borecha",0.343908060797963,0.34392644384595,0.332155013560224,0.355327327537854,0.278990101069004,0.414400187549697
"Tach Armacho",0.343862049449626,0.343436060326158,0.31931699777307,0.366577208113594,0.240665508534233,0.45106702136278
"Ezha",0.343506944251499,0.340874826415516,0.323774796859857,0.363297633699803,0.267601593126374,0.419306646219891
"East Esite",0.343372703418115,0.34303558060562,0.324770213101505,0.362997205263107,0.24948186060145,0.445086294542717
"Muhur Na Aklil",0.343223234243723,0.339977958686435,0.321032381657823,0.365394792242053,0.265138881233583,0.428025310964845
"Wemberma",0.342647359674449,0.342037793594671,0.329106014841109,0.355449966886773,0.285977418646876,0.414087623553085
"Mena",0.342644707155918,0.3407986774272,0.31221006437464,0.374066588692629,0.219271624137326,0.469604817488379
"Kurfa Chele",0.341629766115742,0.342162944671501,0.320580517597283,0.362368747766255,0.248712910134232,0.421884414210249
"Gerbo",0.341225609497482,0.340757694950045,0.316337499653192,0.364870327569959,0.253443413824432,0.455406165189058
"Omo Nada",0.340871021867999,0.340556317019156,0.326480878228112,0.355376169913104,0.279079097569025,0.409139363927876
"Mareka",0.340469064009318,0.339662599794812,0.324155509710102,0.355345341552322,0.28544577230675,0.416063529274816
"Limu Kosa",0.340026993383445,0.339878867859662,0.32676677984429,0.352314720281084,0.269542975723317,0.406330713283632
"Ziquala",0.339313808395321,0.338318835903523,0.30926627797325,0.368841170698403,0.218099187351049,0.489071061692853
"Abe Dongoro",0.338401720430471,0.337657420821371,0.325792266717231,0.350625252441649,0.284359698685893,0.416260304169905
"Gibe",0.33822038661021,0.338061080198217,0.323388024737863,0.352761105373951,0.273519556437522,0.406488421904383
"West Esite",0.337990614363715,0.33759969414999,0.320415227179284,0.354575385499888,0.259566267055513,0.441076774076857
"East Imi",0.337185188847151,0.335922559866338,0.309965501146159,0.36185262016532,0.237125305328138,0.457174203615377
"Dano",0.337167155724665,0.33713643839565,0.324114688347792,0.349914099712531,0.283445538469292,0.394205940691895
"Girawa",0.336986174345064,0.337412736904247,0.315650722613865,0.357935405372057,0.242290745953924,0.423521439813958
"Tiro Afeta",0.336777415406753,0.336915048558804,0.323891751323881,0.349895686314899,0.276492449998675,0.397575341317436
"Kiremu",0.336573080797593,0.336235226288369,0.324329927864965,0.348011726471445,0.284981211592052,0.414047097842177
"Meyumuluka",0.33644984832216,0.337095463605373,0.314722872965734,0.357594721952944,0.24450939100229,0.432959121537
"Meta",0.336424795809879,0.337172370530886,0.315682080628034,0.357505914955759,0.24712977374185,0.429058423746394
"Bila Seyo",0.336391810590365,0.335631095614526,0.324869386436158,0.347937530430892,0.283432505380316,0.407894709376512
"Bio Jiganifado",0.336158043981425,0.335702233528784,0.322311520142564,0.349258693500677,0.277940367091681,0.417036107838873
"Gembora",0.336061128081982,0.33625556108702,0.321527165689309,0.350320143979893,0.279074548812736,0.398569056936734
"Goba Koricha",0.335993872557992,0.334900589519448,0.315327970993744,0.355685666922735,0.250382883077856,0.462558805644074
"Cheliya",0.335639662404742,0.33547631211938,0.322765884003745,0.347858071667187,0.272813062952126,0.39968932463802
"Jabi Tehnan",0.334660836350565,0.334434577750132,0.32182078438474,0.347669835911013,0.275101019396966,0.405444147895861
"Wama Hagalo",0.334328152614354,0.333398199622931,0.322858725886646,0.345647534658376,0.285096108402391,0.399672983414768
"Sahla",0.334038425308258,0.331005419776171,0.299309463557762,0.367177263579844,0.197918405353603,0.50940234884359
"Boreda",0.334010731873362,0.333408250204852,0.320160676241207,0.348164999965027,0.263545351992433,0.394817873724613
"Segeg",0.33397974918786,0.333601342493665,0.310023456429972,0.357696508789112,0.250992951298579,0.44270720967672
"Serer/Elkere",0.333877668497746,0.330816984426678,0.308444683473218,0.35719543215124,0.239801757865081,0.474609344922124
"Mirab Abaya",0.333863964474274,0.333937189452144,0.320681565599525,0.348136705540692,0.265727384095735,0.398419900962165
"Chora",0.333765696654851,0.333484740154163,0.321225391793478,0.346012814449069,0.269807543699693,0.400897461463927
"Jarso",0.333121784146512,0.334312079804612,0.319585010660625,0.34665684095925,0.277976214634093,0.390402072746171
"Agalometi",0.332631819021625,0.331455015255686,0.318254991596473,0.346443322105893,0.271687004169297,0.414898995663674
"Yaso",0.332433772708294,0.331085246387774,0.315041662035539,0.348871039125839,0.261153661194972,0.428578134439147
"Jimma Rare",0.331832390628166,0.331650987821535,0.318348403432319,0.34623958668508,0.269403039511116,0.395615319607628
"Ebenat",0.331682876892823,0.332014993250418,0.308870676463597,0.354252957855812,0.225980761433725,0.454318709003997
"Menjiwo",0.331446618594357,0.33447106339574,0.315147892860301,0.347621490106718,0.259333095983952,0.407139622728911
"Humbo",0.330966652346087,0.330920826891194,0.320086916995966,0.342059067344208,0.280162904613237,0.394887407970123
"Derashe",0.330790259961502,0.331272388265436,0.318579950023124,0.344088252184548,0.269083154951909,0.39041662116201
"Nunu Kumba",0.330787178788022,0.330590189762239,0.3200207597756,0.342301187948479,0.275078746153788,0.388737789754947
"Bedeno",0.33077099648942,0.331126072985875,0.310879361052136,0.351255489822571,0.2431567651896,0.417534758896447
"Misha",0.329377372030145,0.328766074487185,0.312643217426564,0.34676894801196,0.248476154008825,0.418667473520545
"Malka Balo",0.32923869631535,0.329093566100324,0.30932648573695,0.349582141894627,0.231524372276781,0.415152728339228
"Dodota",0.328192989312092,0.327142765503521,0.313849842316787,0.341996891218419,0.266202611583657,0.420091961339456
"Kamashi",0.32794465073853,0.327582262202363,0.314744166995624,0.341050880062111,0.266307669086218,0.403851821024927
"Fik",0.327705864267386,0.329001998454877,0.306471880419503,0.348554126783739,0.238939536832447,0.428358169752349
"Shebe Sambo",0.327575314552601,0.327334563594593,0.315465393021188,0.339681380150517,0.272372725733471,0.38962401027921
"Takusa",0.327382196221617,0.32686790767499,0.30964053371598,0.34330481353558,0.244794001828034,0.402518762023173
"Menit Goldiye",0.327273214364275,0.327736295330818,0.31469072560803,0.338541123060183,0.262831974036105,0.390500174909815
"Deder",0.326687016373305,0.327576683101611,0.305942639546578,0.347284256510087,0.23410858587295,0.411051506845184
"Dedo",0.326668260039435,0.324310173459895,0.309884160438958,0.342821482210475,0.26266574028562,0.400695493544955
"Boneya Boshe",0.326213303974474,0.325346231648523,0.313814257511892,0.339084611838304,0.273239958141827,0.392062934080642
"Ziway Dugda",0.325895393797515,0.324911022727941,0.310680112282589,0.340282095812135,0.256627162785575,0.42394042968357
"Bonke",0.325629486472132,0.325149039423909,0.309732357957767,0.343073307861239,0.260370462010472,0.40070873092208
"Mesela",0.32533283581706,0.325707614150835,0.304512030599469,0.345257748429212,0.234506326100096,0.416733170582498
"Kersa",0.325328283283135,0.324618280040203,0.309836084537943,0.340104998550597,0.274197308646018,0.388984408572264
"Gumay",0.324600538304861,0.32571757378359,0.31037057140242,0.338262487841879,0.256918910881753,0.385979348238375
"Jimma Genete",0.324493399048083,0.326116309781665,0.304649260726874,0.344940406421395,0.242983307598824,0.405134271168971
"Quarit",0.324336215830895,0.32546277705522,0.308315557233444,0.340823040540014,0.250509119116696,0.409314758193854
"Tulo",0.324108407161212,0.323655145386454,0.310508758840657,0.339027290021718,0.26668022288965,0.387313798386505
"Aseko",0.323977979022423,0.323558262472055,0.302709906410335,0.342146482287863,0.240005451625725,0.452319010310305
"Meskan",0.323280128969771,0.323191899699723,0.309571009593443,0.336864805211327,0.263437500605743,0.396158977212812
"Adami Tulu Jido Kombolcha",0.323114205208226,0.322761079193124,0.308657044806295,0.337294646326234,0.256843199132838,0.402601331451078
"Bulen",0.322896305239137,0.321322878040741,0.308423289771467,0.336227997760036,0.265961309928522,0.397843605503215
"Chiro Zuria",0.322847746331766,0.322888422665455,0.302823459913023,0.342762204664542,0.236984733019942,0.422116465728226
"Dihun",0.322660928797351,0.322512815060165,0.298786295891224,0.34578797480832,0.238573125186746,0.433006008160176
"Badele Zuria",0.322574202933345,0.32239342035839,0.312246887140996,0.333662455879067,0.26985382697219,0.38244833938781
"Bako Tibe",0.322442355580922,0.322374231496263,0.309342813588664,0.335012816978483,0.267697926562674,0.394240783286051
"Jimma Arjo",0.322142567607867,0.321884235484534,0.311395325407461,0.333228199990171,0.27168110943934,0.376750499996673
"Gambela Zuria",0.3217855219269,0.319535154453293,0.30670319031386,0.335919713780309,0.26548903914758,0.402862832139435
"Habro",0.32161358921464,0.321113084914576,0.301700515677304,0.340923891259056,0.228978427291335,0.43049938917836
"Gida Ayana",0.321054451673212,0.32018290954885,0.30802560560968,0.33258573716238,0.271293105024964,0.396132375332165
"Ayisha",0.321029603615734,0.315723983634143,0.265755036643872,0.372692144388393,0.089030618804523,0.624721082795091
"Golo Oda",0.321027198827422,0.321040446333945,0.301183038630864,0.342354287866982,0.225157979639639,0.407205135318339
"Getawa",0.320998755465385,0.32067596171318,0.305282713691313,0.33540726114747,0.253904687393806,0.414941307149036
"Kobo",0.320981781244888,0.319229101003133,0.286736717523986,0.350915829560085,0.174635740725247,0.473783833003806
"Chilga",0.320925955323387,0.320719900925386,0.301105017597126,0.33886362378929,0.235371301858603,0.400574211841841
"Dedesa",0.320781532988788,0.319851148641619,0.307655064709696,0.333615647512219,0.267602982450319,0.388952284251566
"Daro Lebu",0.320607737885859,0.320135309883918,0.300074044213406,0.342322155975396,0.23509938813719,0.451719594269536
"Chwaka",0.320425086890774,0.319009854800731,0.307671613659841,0.332542400025305,0.268790979420697,0.394954279600245
"Gelana",0.319975620239234,0.319509692657925,0.307196856076532,0.333754418123479,0.258614081505288,0.388355121808252
"Ofa",0.319901776334493,0.318351678884437,0.305107271435698,0.335709214253259,0.258678235006797,0.38469712295764
"Leka Dulecha",0.318996323568056,0.318829373274709,0.308477269596452,0.32954744622575,0.268677927055484,0.38049501361439
"Gechi",0.318966655752524,0.319128676433449,0.303570764975428,0.334253072464648,0.249135285355705,0.388673795023665
"Sasiga",0.318823972976227,0.317824774520359,0.307743983582016,0.329939112145574,0.271856429016079,0.381350747429416
"Ewa",0.318755382911443,0.312708752681919,0.250071962431453,0.377617001726139,0.102068237964887,0.653515830628709
"Gonje",0.318178251115531,0.318266559856448,0.302829911355518,0.332307165691574,0.246451880806886,0.396865200223707
"Gera",0.318004149941471,0.319951504328578,0.302025657835886,0.333819565151939,0.245779683049828,0.390412465230545
"Goma",0.317967758701987,0.318160055400689,0.305680366015585,0.330242066284842,0.265046769663185,0.382978603331664
"Meyu",0.317623902018725,0.318095517892313,0.297312608871586,0.33825637088774,0.226549059440946,0.407711605251785
"Gimbo",0.317504591225674,0.317551721774901,0.304574630880231,0.329719050174377,0.254010830927649,0.385404789186691
"Mareko",0.31735180320812,0.317569234850299,0.304664973602224,0.330104069960977,0.258941056145453,0.3847492714545
"Bure",0.317092229860472,0.31656680213639,0.307316492361315,0.327337670451225,0.267037497349028,0.372576099507632
"Setema",0.31708713518594,0.318359599541434,0.30041553166383,0.332689935009098,0.243421437907056,0.391348292180724
"Hamero",0.316696092113614,0.317017073132328,0.294697753082785,0.338150924276115,0.234359884850973,0.421987009069715
"Gobu Seyo",0.316536923497863,0.315979610070751,0.303081759106747,0.329453468526596,0.26439358014489,0.388032289046412
"Bole",0.316035707100651,0.315771807017023,0.278697960558229,0.354623385594709,0.151043752013884,0.470733060420963
"Dabo Hana",0.315727273800992,0.315490194723481,0.305136870260942,0.326242083319489,0.266105709748517,0.382014718855375
"Ibantu",0.315599641561391,0.314223981227833,0.300597943014088,0.328890313094617,0.26293999023385,0.401762256738244
"Lagahida",0.315408827367942,0.316219259868872,0.29484425778096,0.335944286098082,0.225682309017077,0.412519591262965
"Sekota",0.31519703917493,0.314094670021538,0.290213615621061,0.339427973940596,0.218473830653289,0.424260580034371
"Gololcha Arsi",0.314787588835519,0.313400585009708,0.296142884146367,0.334224833112663,0.24042421789652,0.425673279612713
"Haro Limu",0.314761180535903,0.31346106350407,0.300710142756321,0.327204493090267,0.263878009172811,0.39466340481417
"Limu",0.314054755058312,0.313625340326589,0.300785702550953,0.326411484609967,0.261700080517193,0.386883529908419
"Kuni",0.31384166144594,0.314290461957118,0.29477963524785,0.333046435829725,0.22273927642624,0.407767723385546
"Dita",0.313734615058693,0.31642110195325,0.288177822613234,0.33823963292053,0.228968189007134,0.393341677119406
"Gemechis",0.313659553609212,0.313681421565108,0.29377644718535,0.333662391379305,0.228118304332806,0.402375301894384
"Sire",0.313538673408084,0.313234894890117,0.297169603119972,0.330122887680317,0.243356696291508,0.399690475762425
"Amaro",0.313294773596659,0.31465513172303,0.300869567897862,0.326512456710619,0.246299761635246,0.381258134606611
"Mandura",0.312704729991953,0.311947515052595,0.300568414112894,0.324923281174007,0.262902971024249,0.373206123508954
"Meko",0.311728018098726,0.311232984205555,0.30119550000215,0.322238431140674,0.261771169329717,0.3777989555203
"Hitosa",0.311416739496776,0.314221306547196,0.289205983164437,0.334670945920215,0.215744531251777,0.420878162174489
"Dibat",0.31131214654395,0.310039471995946,0.297368072357602,0.324446240888743,0.253270253182602,0.383298471239395
"Hurumu",0.310830456569462,0.310761028851976,0.298796534847044,0.323322787323823,0.250977793443664,0.379961774354412
"Selti",0.310748164745954,0.309881419779777,0.295069754610227,0.32533689992236,0.242694847659259,0.389270479604661
"Diga",0.310491984408453,0.310308908476194,0.299866665262408,0.321276967814342,0.264399993901403,0.370642218627902
"Arsi Negele",0.310319497278493,0.307901644034656,0.289795798645828,0.330065726535048,0.226660462646728,0.408179791206525
"Yilmana Densa",0.309922642640023,0.31043638024489,0.296203729523694,0.32478016918383,0.240334154091328,0.388325671841612
"East Belesa",0.309686503498318,0.309672107132158,0.287809588466775,0.331250087010087,0.212690989254064,0.423696200187655
"Guto Gida",0.309296201156513,0.309141121950362,0.297760591756789,0.320777551133674,0.256554561099993,0.366555383589122
"Chena",0.309158746077914,0.308760956485716,0.2957974301034,0.321047557150429,0.252228328783286,0.37944494625267
"Boke",0.308588880358122,0.308636020604136,0.289064659203213,0.328291877193942,0.217459942625791,0.399773461297056
"Loka Abaya",0.308565021925177,0.307962151817682,0.297520736848898,0.320881967675375,0.243099852963432,0.364842330568498
"Sheka",0.308059841814326,0.307921452051834,0.294217282277049,0.320335386603534,0.248675995203778,0.373788345303092
"Shalla",0.307969375380253,0.305931045413946,0.291689884312584,0.323382941250355,0.241936086141144,0.390085320968413
"Wilbareg",0.307733843991964,0.306545799675364,0.290528551756044,0.32302444938691,0.23668844571438,0.381574952008958
"Sibu Sire",0.307382734540529,0.306595611420513,0.289510980241686,0.323862774709528,0.242783672832014,0.390849893610659
"Jeju",0.307152006504314,0.306919576616132,0.290980296286319,0.322511736887417,0.240734520433731,0.390657420197559
"Godere",0.305532653096731,0.304554949834032,0.29070976590426,0.31837313138076,0.249486100104056,0.369905740177135
"Seka Chekorsa",0.304815839324776,0.303447683324994,0.286437502567151,0.322431137347277,0.237582088334482,0.387114212734275
"Sigmo",0.304521692383024,0.306641477104189,0.287207205825866,0.32069789394636,0.234162430316005,0.375851989398447
"Mengesh",0.30442198470027,0.303625955346083,0.287851232337447,0.318603058475513,0.24922950296614,0.376597764923736
"Bita",0.304368382398132,0.306840669344523,0.287499727837344,0.320603411467539,0.239612672551001,0.373573475378662
"Damot Weydie",0.304281170818261,0.304307288771052,0.292631711167594,0.316381224260226,0.244972860383887,0.369894830963965
"Bule Hora",0.303779056659789,0.303445902363322,0.285425700835828,0.321174476498422,0.234794006467358,0.383030981087665
"Yayu",0.303554061133629,0.302599852652012,0.290157581064645,0.315937507243956,0.251170530814611,0.371764912496862
"Bahir Dar Zuria",0.30320306402369,0.293938670686279,0.265390755245433,0.336905899009956,0.194038002008808,0.455408961786586
"Yama Logi Welel",0.302908645848245,0.303323230367636,0.290095078607632,0.315297604993419,0.247886683186088,0.359773761999325
"Halu",0.302798825003299,0.302825493666684,0.293276694134805,0.312750900107129,0.255813266365011,0.355756755311075
"Dalocha",0.302768146868769,0.302250105969044,0.287082669907594,0.3168005059087,0.238120626410709,0.377420294803689
"Lanfero",0.302556284550076,0.302101894611031,0.2889546408641,0.315874989517127,0.240368980692683,0.368685547846571
"Sayo Nole",0.302406474046568,0.302389903977775,0.29051955548942,0.314240732455307,0.248265981748676,0.367627781649565
"Wayu Tuka",0.302154624835509,0.301615833265289,0.288932895033574,0.315042317536777,0.254926488740087,0.367714772514519
"Pawe Special",0.301847192000645,0.300602195197103,0.290859478345078,0.312338546888235,0.255609967756918,0.357149018497895
"Sayilem",0.301538253383629,0.303224267907036,0.28570043660127,0.316930743302232,0.235746924354987,0.375268852592855
"Gimbi",0.301309094131028,0.301218067953333,0.290083143506745,0.312075373362601,0.256698574551212,0.366728894249645
"Alfa",0.299858145756704,0.299581685803672,0.28532996434088,0.31319554662859,0.230145866776173,0.361779119683297
"Geta",0.299474990226298,0.287097586115769,0.264979960791721,0.342380599891939,0.195410552824014,0.422095686433208
"Hawi Gudina",0.299123094954659,0.298536995551398,0.278407098389357,0.318604912364892,0.217179855764227,0.416836408697831
"Alge Sachi",0.299102431211279,0.298465619142756,0.288698585931024,0.30955022070301,0.253856148391334,0.360915404932681
"Yeki",0.298689253901074,0.299210412781527,0.286674777888546,0.309758110590533,0.244958382021266,0.355617484694533
"Shay Bench",0.298668377905279,0.29648817148728,0.282517914467227,0.314746064280934,0.240371948177569,0.372019827199109
"Nefas Silk",0.298507239510682,0.309753539565177,0.201681616164963,0.389817855746426,0.0480618881756171,0.547120610515971
"Guna",0.298387153047487,0.299480457092362,0.276268615714444,0.31922208793449,0.208840926360881,0.413232252733623
"Metu Zuria",0.298381506666882,0.298540340966179,0.288222499922138,0.307608202111842,0.256330545917035,0.353976577909323
"Dega",0.298214108374358,0.298020589745225,0.28568231784147,0.311122303645663,0.24509690474983,0.365415479979667
"Misrak Azenet Berbere",0.29813692518074,0.294211973799278,0.273828879349177,0.32169002316799,0.216968943404775,0.396949432367562
"Hadero Tubito",0.297970620414648,0.296045313538023,0.273623040708046,0.32310607503028,0.21978903272193,0.383337504685172
"Farta",0.297949529176857,0.297869254159043,0.278781684837745,0.316710806117343,0.212460875828855,0.382292565265503
"Sekela",0.29784479138956,0.299186059371596,0.281236012495605,0.313294562736305,0.230489216342314,0.366792361069331
"Debub Bench",0.297794187870645,0.297124221940753,0.284201292349158,0.311031476646663,0.242452839645612,0.357502367153484
"Sodo Zuria",0.297783091571379,0.294990313333392,0.28055514302902,0.315571594397879,0.2302336900775,0.374649693601023
"Nole Kaba",0.297482256182957,0.297126896391775,0.287253365615835,0.30710535567504,0.252706787978168,0.360911301819682
"Lare",0.297313160674918,0.29381435331601,0.267540925493091,0.322909487647497,0.199594235771991,0.450074733878771
"Didu",0.297068374274827,0.296817996811689,0.284217402566348,0.308948388115152,0.240196061591263,0.364640388107133
"Diguna Fango",0.297008901170982,0.296894708459543,0.285278258108963,0.308570819258493,0.239070178309985,0.361954237750638
"Guliso",0.296139512777094,0.296031627386046,0.285831588731267,0.305534814471307,0.24890448170806,0.354895617638168
"Anderacha",0.29590124837217,0.294830650960921,0.282097299898955,0.309094011095332,0.235702488213004,0.36984476653649
"Dorani",0.295649101910436,0.294424448838848,0.283654184212448,0.307151233176313,0.247763611927668,0.35643045333915
"Bilo Nopha",0.295368413487812,0.295244323845544,0.284932187180383,0.30521333480926,0.252457258578503,0.353450824835559
"Dune",0.295193668606436,0.292503543879996,0.274618298260499,0.313567935502622,0.218956058247619,0.387398847573256
"Selahad",0.294631203468937,0.295269597636855,0.273814325560352,0.314330870633608,0.21346743567009,0.402929718928204
"Analemmo",0.294538702125403,0.287498441254298,0.2672924355158,0.321918323705809,0.206933013426807,0.390354691141182
"Sankura",0.294490465493239,0.293032124493644,0.278030382747854,0.309336859464164,0.225736641261877,0.370969831896051
"Damot Sore",0.294192611098506,0.291484561687547,0.276331689187608,0.312965429506114,0.22557275586787,0.369596334445307
"Darimu",0.294135958756798,0.294074107156573,0.284850439354877,0.303722008239498,0.251738504490118,0.348660639079915
"Sayo",0.293102903486105,0.292719880887954,0.28314590469769,0.303353374437496,0.244420451022303,0.343859032717538
"Gesha (Deka)",0.292904017575859,0.293270951451889,0.276772134287843,0.307515506499765,0.227447351967157,0.36524924081481
"Nejo",0.292592351780253,0.291904815655341,0.281285031538112,0.304141620683597,0.244843743761728,0.355044801846722
"Dale Wabera",0.292529562790206,0.292758830851822,0.281210381822516,0.302696010898411,0.240980850203219,0.342757920839962
"Sale Nono",0.291623165974785,0.291167105412233,0.276584830704817,0.306188212731783,0.234148512962736,0.367663550750672
"Masha",0.291262975394089,0.291620808687145,0.27617479287786,0.307079139643419,0.233170008491569,0.368288328462319
"Homa",0.29119530242266,0.29139843793104,0.280486640516477,0.301265915808717,0.24756044666267,0.355893511490737
"Guagusa Shikudad",0.290993515720895,0.290150495375681,0.274864534957369,0.30588169352138,0.224816756725188,0.363555871626379
"Guangua",0.290389791428521,0.290238121184574,0.279249981302768,0.30103466228121,0.239840392551234,0.346160057362362
"Chencha",0.29014727587361,0.295354177287246,0.263919648437527,0.315067483929246,0.205954599140289,0.370887000632317
"Shashogo",0.289900261795153,0.288941353214633,0.274248658260768,0.3046044711603,0.226813547391787,0.370837960667154
"Alaba",0.28934309677877,0.288637208863658,0.274912898191706,0.302972310015668,0.225528847156203,0.361622087963919
"Haru",0.289080599219673,0.289716855000464,0.277970209502484,0.300211504330429,0.235687177575988,0.34392720134636
"Alicho Woriro",0.288697614927903,0.279970083984664,0.25902008562466,0.321638759429385,0.197401779393179,0.391099399262767
"Mierab Azenet Berbere",0.28868329258007,0.28110198901016,0.26226175750435,0.315839507782063,0.198499021842356,0.393349591242211
"Chole",0.288603403975726,0.28834352335622,0.269487271953626,0.305791375440314,0.209006786471337,0.385154061615561
"Siraro",0.286840585214848,0.28590193905599,0.273658020773267,0.29978463648378,0.221430955496404,0.357911906424961
"Amigna",0.285556177078662,0.283946581557,0.267276380598965,0.303144551505898,0.207252864846084,0.399540806237292
"Hawa Galan",0.285501542233471,0.285736204245746,0.27565540713607,0.295665801627811,0.238670022071365,0.333422899043571
"Gumer",0.28464546975273,0.273831595469579,0.251513469781891,0.323721595731934,0.188506010316819,0.396613307220299
"Boloso sore",0.284307500187989,0.280689349518194,0.259568493912597,0.309720869770243,0.204074275797188,0.371661179413478
"Boji Dirmeji",0.283995496523364,0.283402161527745,0.273482776483329,0.295307422932729,0.235276501399808,0.341926176647878
"Gaji",0.282707256283174,0.28235316952767,0.271224706220065,0.293461597073683,0.238606696132513,0.347089882859432
"Ankasha",0.282282297831863,0.280120738644285,0.264844525289004,0.298402481328992,0.220890905656734,0.358543690032785
"Ayira",0.282233075694619,0.28203405327306,0.27239826684706,0.292685578763022,0.235656506330243,0.336954192793595
"Daniboya",0.28215400847733,0.276358271172718,0.255983394211944,0.308252213189014,0.198018561781782,0.36912252991301
"Ale",0.281943442337601,0.281052185410624,0.269703622206349,0.293773702168733,0.229215247211748,0.35142301845211
"Lude Hitosa",0.281405450725668,0.281206790930801,0.262117034719188,0.301039141233056,0.198392762393271,0.369902680991146
"Semen Bench",0.281323373899418,0.279138475089229,0.263823098205081,0.298849750819416,0.218223585717598,0.357673888058552
"Boji Chekorsa",0.2810200630936,0.280588492335635,0.270942292810603,0.290933697335704,0.237600374056687,0.340564118379783
"Doya Gena",0.280853154640715,0.277385433818107,0.258096618211272,0.301061517166133,0.195005030314976,0.380295034095684
"Lalo Asabi",0.280705693111047,0.280411427548467,0.269127043666424,0.291746769538724,0.232684797460872,0.340879027623452
"Welkait",0.279708243575039,0.277803078782526,0.25842495363709,0.298608638356075,0.193571527458866,0.41115559193046
"Seru",0.279002037453137,0.27667685035406,0.259650189360157,0.297684551050645,0.199001588386647,0.398586411489889
"Sude",0.278746218362551,0.278957888483667,0.260045851058157,0.294924969600554,0.206232045767963,0.375433196497121
"Lege Hida",0.277937614640168,0.277864405388087,0.259052271488052,0.298195702026879,0.196927746891686,0.359781203837549
"Banja",0.277662965025994,0.276997364641218,0.260184765249049,0.294693982743665,0.212804318781737,0.351411654920794
"Kafta Humera",0.277425770009036,0.272981645859379,0.247972998547072,0.304794926230402,0.163136661282291,0.546209334946566
"Kediada Gambela",0.277368450317679,0.274556158209031,0.255068892869199,0.298928307851277,0.205452479552598,0.360195164925609
"Kacha Bira",0.276512315018525,0.270556718362329,0.245069811111836,0.309603283460068,0.184913050001006,0.369792689160636
"Tiyo",0.275557587747035,0.277150713929933,0.254002516341675,0.299920409111336,0.185041451676645,0.378618724623752
"Yubdo",0.274819774182087,0.274574504059366,0.264517693127172,0.285503639842727,0.230245982507733,0.330880645949429
"Mierab Badawacho",0.273987201345749,0.270375927546426,0.245131464543816,0.303122390043632,0.193523231314059,0.365763624755817
"Misrak Badawacho",0.273191998159633,0.271816777180028,0.253363768879375,0.292607726372219,0.196855257548785,0.359996949137865
"Mecha",0.272351706847626,0.271953205999457,0.260930136769343,0.283448108515665,0.225270873549103,0.332177384410208
"Fogera",0.272004814469306,0.271899738434859,0.260588041261995,0.28330658398432,0.218162923222518,0.335274743806564
"Degeluna Tijo",0.271655467275001,0.273826284029184,0.25136644395759,0.293069316690449,0.183186959069779,0.358548865629109
"Kercha",0.270541380626509,0.269892009294901,0.253430044287889,0.28687196847534,0.20163700807639,0.353866830720517
"Damot Pulasa",0.270536599534691,0.2654924265398,0.2390680080175,0.301437303200742,0.178434929651278,0.375588717835819
"Adola",0.269975966941107,0.269422430474945,0.253500607462723,0.286679002028321,0.20444790757662,0.347729397984339
"Dale Sadi",0.2699380289606,0.270008646163676,0.260906227659136,0.278851039281107,0.228079818802959,0.324860045452491
"Libo Kemkem",0.269786695625979,0.26944975277276,0.251038533898069,0.288427025113328,0.190911989840324,0.355829493878429
"Goro",0.26895073097938,0.268857803985751,0.254293765892432,0.281247467363059,0.211467497306343,0.354441955650646
"Janamora",0.268803570054222,0.26881852600085,0.239581899931849,0.298227117425598,0.152047588934752,0.394671421694721
"Boricha",0.268287194570634,0.266880465443166,0.247440547935644,0.289037908407157,0.193620549079966,0.349370655691321
"Endiguagn",0.267646746471463,0.250551520459228,0.211095133957722,0.327735187777217,0.152226545795806,0.414607819354196
"Damot Gale",0.267383323915586,0.263669848774761,0.239090479676094,0.295883642379042,0.185948536841748,0.364373927885881
"West Belesa",0.266828990208635,0.267161022773457,0.248158747560948,0.285192878017652,0.184695520568662,0.363261147973169
"Yirgachefe",0.266158259172989,0.265765018026302,0.248255052316546,0.285830946508401,0.189994426927997,0.341750736780315
"Fagta Lakoma",0.264919375071392,0.263913951915625,0.249947149330788,0.279866676668691,0.20719615745022,0.333126960299527
"Afambo",0.263207298056544,0.248247280225454,0.179686980745457,0.333379619238111,0.0354450551754634,0.674762886075286
"Seweyna",0.262822034279715,0.262524210011588,0.243708391638821,0.282391834012404,0.187433396242975,0.345822683868079
"Anigacha",0.262524163190909,0.256987089464025,0.232818877145959,0.292696901611197,0.176615312683079,0.368658665037247
"Diksis",0.262135237057485,0.259364404793989,0.241723473951099,0.281875439320915,0.17750809368251,0.356034964143484
"Kochere",0.261537779666604,0.260467155561346,0.243439099593181,0.278985016486261,0.185267827173121,0.347402978136898
"Guradamole",0.260948509444899,0.25941317112431,0.237744923329042,0.284153072939064,0.165707444732325,0.385817027898918
"Debark",0.260778275339881,0.261350845693122,0.238167184016096,0.28216119367261,0.16450780450691,0.351206267524746
"Afele Kola",0.260725752471012,0.25913620073574,0.233768788173826,0.28780136553912,0.147450205368683,0.361478072215956
"Abobo",0.260666639699119,0.258210629314872,0.244409797447692,0.275989796811864,0.201812129886984,0.331647807192464
"Debub Achefer",0.258526494237921,0.258682786430913,0.24890669368917,0.267660889047076,0.216474139877165,0.305920596835791
"Lay Armacho",0.257313516660727,0.257030123775772,0.242128306206155,0.27145066706779,0.188986812892605,0.33062278708669
"Wegera",0.257146904333438,0.257029090317316,0.237730166163169,0.276521261331674,0.167658765529807,0.343971047490194
"Wenago",0.256434679490924,0.257288532020517,0.233702973089688,0.280095356387261,0.16826645905831,0.340117128739445
"Bele Gesgar",0.256394749216984,0.256026918917672,0.238077827635035,0.272381006874547,0.181425649452103,0.359544998322119
"Lalo Kile",0.256088930810423,0.255758360996674,0.235729859006247,0.276629314876024,0.189319280632499,0.331812374020543
"Semen Achefer",0.25521880247698,0.254809949069613,0.244313227273079,0.266014948275018,0.206543445768815,0.310547352702032
"Shirka",0.255102518348232,0.253430686321795,0.238453682458847,0.27050785154632,0.174121835796614,0.337026696433593
"Munessa",0.254407502151127,0.254359888084574,0.234034784886075,0.273743572739062,0.176411669442979,0.340771342625501
"Dabat",0.25428269328259,0.254674852175145,0.235553583928225,0.271434162880441,0.174563961666596,0.337849016502271
"Shashemene Zuria",0.253927287698519,0.251941461028556,0.235578845389206,0.270476206874941,0.179293985474863,0.341039155515576
"Kochere Gedeb",0.253394205280192,0.252837151929225,0.233934010239587,0.271540851242603,0.178940184952952,0.342331379745167
"Addi Arekay",0.253337613798007,0.253141457098043,0.231999352595005,0.274063239060427,0.167034567479357,0.338270235280319
"Bule",0.253012676217031,0.255470603888136,0.224816210040749,0.278072445260252,0.153304707660161,0.35116802549625
"Robe",0.252569254036189,0.252282179285936,0.236219815874503,0.267514341628984,0.180915920616967,0.332818563671765
"Dangila",0.250864665694239,0.25023594948137,0.239284405766845,0.261613325939745,0.204814200896146,0.3131636514674
"Dara",0.250253535385801,0.246484664944934,0.231365517433144,0.267527995576262,0.173290510760885,0.341908642973375
"Awasa Zuria",0.249431773106426,0.246984253409962,0.220517997518328,0.278712710387347,0.160354672031608,0.344946027709289
"Uraga",0.249108028922667,0.247879432973205,0.230566145310899,0.266705169234913,0.16881321386849,0.338219567454736
"Alamata",0.249071804674786,0.247356949767338,0.214843373936721,0.28099918612264,0.120033503051494,0.427131034801587
"Tena",0.248186525532595,0.245356616536818,0.227534636783123,0.267701197629397,0.161338140630268,0.338744751354561
"Gulina",0.24761986044676,0.23564607967023,0.179919538882588,0.30750877864864,0.0507877452032411,0.620828816298864
"Hambela Wamena",0.247522458904967,0.246963845984832,0.230930689454736,0.264012763372959,0.173103617734538,0.33050504462196
"Girja (Harenfema)",0.247414877087111,0.246427522442173,0.230909069212444,0.263980284116144,0.178897820905373,0.334545165746719
"Beyeda",0.247016553269176,0.245225101658949,0.221819340906227,0.272634994440715,0.1484574670228,0.350818038198495
"Awasa",0.244632672060595,0.24359640833359,0.22357021543277,0.26439804950939,0.172842270725229,0.343131912480908
"Rayitu",0.243987714961138,0.243721392314602,0.223580840022198,0.263577014721028,0.166501284972994,0.339323622721321
"Dale",0.243707070271597,0.242047003743017,0.221202532733322,0.265950156681534,0.163430644590197,0.349074219466358
"Kokosa",0.243177632988058,0.233400532529198,0.213698284054899,0.274028496069428,0.134862497499018,0.359193122136177
"Bore",0.242296921100093,0.236464438041821,0.219611131420349,0.264398842482466,0.147877563885502,0.359701311614306
"Ofla",0.241765061491561,0.238868773901913,0.206972738129819,0.272261385850765,0.105676135588167,0.388916546974001
"Nenesebo",0.241330097224902,0.240782125858582,0.222370027315559,0.260485964010255,0.164228641410804,0.335355829408445
"Ana Sora",0.241277000788651,0.240262490319599,0.223958786197347,0.25768246856969,0.160745988931076,0.330074147113613
"Gololcha Bale",0.240248786961486,0.23950153128262,0.222325390743013,0.256948817352354,0.168536846650466,0.342425956437563
"Adaba",0.240087708059604,0.242717158061843,0.21698989605429,0.26448328533037,0.141606913225342,0.350528231644122
"Dila Zuria",0.240023221684537,0.239480643200394,0.214467244244373,0.26875009654125,0.141716670680484,0.33215435641991
"Wonosho",0.239788057440701,0.235490886537564,0.219019574037627,0.258666670671237,0.158908689584979,0.339410895900833
"Chuko",0.239146639836902,0.236320106462263,0.214321302258823,0.264026619546568,0.162341453047233,0.334501270941525
"Dembia",0.238972109279914,0.238788728778218,0.226701125320828,0.251052197862418,0.182070752766598,0.305388866243862
"Dinsho",0.238807572398656,0.243648235239136,0.209469071556111,0.269085356326403,0.121049634816698,0.354777085222303
"Agarfa",0.238565701194973,0.237936740686619,0.219935506198297,0.255321085403211,0.159966652099551,0.337898651553149
"Inkolo Wabe",0.23775825399965,0.235623902802004,0.220233607389758,0.25402912334915,0.158435539092996,0.322499811046738
"Harena Buluk",0.236046008713481,0.235560313444456,0.217253209638343,0.25250708484389,0.167691130815142,0.334585563602639
"Dodola",0.236001206644258,0.237268343677764,0.215307454063092,0.25681369329929,0.150376035855744,0.323227986238298
"Limu Bilbilo",0.235761762528997,0.235573644700855,0.21362433432177,0.257130545320069,0.152598405772409,0.326462987586223
"Abergele",0.234422188786853,0.23219893947987,0.207234603960963,0.259967665206079,0.130013438386871,0.35945300189886
"Gasera",0.232465410912281,0.232127703958613,0.213245018283633,0.249413254601876,0.159594509469557,0.333174495838685
"Gonder Zuria",0.23244040538899,0.232153374724626,0.217929095167301,0.246453551421833,0.164750719319885,0.300596920609098
"Kofele",0.22782669618801,0.218574950855807,0.198994101678895,0.258655846500514,0.131139431252276,0.339819244028817
"Aroresa",0.22572894259078,0.22463190893428,0.208491481093002,0.241053590951039,0.146002633708919,0.318320983346811
"Kore",0.225043842262325,0.21695783488264,0.197625297792883,0.252528557166852,0.131528570369973,0.332336344457877
"Malga",0.224818009386583,0.214506466560181,0.187916846730122,0.266805669724067,0.119688380734355,0.355120519887413
"Gorche",0.224335180832554,0.212644544098457,0.189235334865555,0.26399615169055,0.120310348643348,0.353487297071881
"Bensa",0.223615611588415,0.220428488932456,0.201113602328167,0.243890797488422,0.138709107739884,0.330574911850267
"Aleta Wendo",0.222801880889651,0.218416681549162,0.1951604980752,0.247121947414122,0.141129921085523,0.340992044695167
"Dubti",0.22266025903385,0.18741400816094,0.119732504430941,0.298564457880444,0.0136456716898852,0.773179656569756
"Wondo-Genet",0.222471544140688,0.216896838007429,0.19032179566792,0.253864136064763,0.136765440917124,0.332045869387295
"Gedeb Asasa",0.22172980769331,0.219437911510625,0.203079748141881,0.239279218356463,0.148262879356707,0.310158887744228
"Dawe Kachen",0.221404968667788,0.220582252531573,0.201543121177873,0.241242461958442,0.138627923409033,0.31279051737394
"Chire",0.221014847565099,0.217020956593028,0.200019790548234,0.240185206483216,0.134374821296835,0.323674158180368
"Goba",0.220310458893128,0.22195813204618,0.19638820676686,0.243815884932337,0.126715755012158,0.334698136517207
"Bursa",0.2175621352183,0.20610240581826,0.184367401947072,0.254571520255386,0.117131677236915,0.342603529903722
"Tselemt",0.21735887450126,0.21671623785833,0.198138327419269,0.237487057077981,0.135566052119332,0.304476682709967
"Hulla",0.217036197656078,0.20516115461518,0.183877688977533,0.255924516895694,0.116771332515031,0.339788873831394
"Shebe Dino",0.216836378943837,0.211274477411526,0.178150668653617,0.254430957909095,0.123015241325198,0.342428669209318
"Kolfe - Keran",0.216421427091088,0.14437194204172,0.00300490352215501,0.423984008203396,8.24750924591523e-07,0.865203981667435
"Berbere",0.214799520498339,0.214479014185058,0.196604896664338,0.231684523068131,0.142462029212389,0.318430602935711
"Arbe Gonna",0.213935755959541,0.204018766365828,0.182964264106996,0.248556377818839,0.1169813615034,0.335043246178751
"Bona Zuria",0.210195068221066,0.205515713872549,0.175096442613304,0.244324130366001,0.119987646335071,0.326672738424312
"Ginir",0.20380973158919,0.203604688273085,0.185392602838328,0.220600836673224,0.135977834860334,0.293718061683774
"Sinana",0.201995135288889,0.201454953397365,0.182189761190145,0.219055605087784,0.124586787303264,0.296597270596971
"Awra",0.201391776561488,0.166717614587168,0.103408767927575,0.268646052619895,0.0142905537718013,0.752463090141203
"Aysaita",0.19532331217978,0.176605981102687,0.114690407096447,0.255558920372856,0.0131792315975196,0.616443031269337
"Tselemti",0.193574083785153,0.192060764521846,0.177122173064477,0.209048081098628,0.129322459936334,0.272753986876279
"Endamehoni",0.174986771913813,0.170247713382196,0.13283323499759,0.209081633737738,0.046400021063806,0.387509137572455
"Yalo",0.16321110150759,0.142732645734508,0.0957071834587528,0.212991231163766,0.0144397446081881,0.567622918456919
"Raya Azebo",0.14754844622407,0.134199193254271,0.0952685384039385,0.187194155342207,0.0211034397226599,0.457089197885063
"Tanqua Abergele",0.147206209111179,0.14276473149507,0.112333455420164,0.175773671542625,0.0409066509864919,0.325552800118248
"Saharti Samre",0.134131048101744,0.126913093960367,0.0951713684296354,0.163088451728742,0.0301253746453828,0.355586384485636
"Alaje",0.131884918570216,0.125077272814778,0.0897899421138372,0.162239372517242,0.0235904460057234,0.383030002075238
"Teru",0.124922639270526,0.0916002603208062,0.0474726082383141,0.167411310643998,0.00320925841952782,0.666728446702058
"Gambella Wild Life Reserve",0.108629273084635,0.0953905984361561,0.0674220760771707,0.131673538198302,0.0171184218281791,0.527743846061551
"Kurri",0.10700329643122,0.0597496358120039,0.0246527155991452,0.141000274709822,0.000693035090039399,0.775142683219482
"Elidar",0.0947469983393299,0.054123744973337,0.0227684455122286,0.12303756721591,0.000577044473464056,0.726798349769763
"Hintalo Wejirat",0.0937914350059919,0.0796258423176021,0.0495530116107448,0.121630803056677,0.00669351001008379,0.418841473028968
"Megale",0.092963767644976,0.0668424292231608,0.0358654599385698,0.125146177683069,0.00213997491392861,0.551362570134938
"Naeder Adet",0.0874465162359769,0.0823224623368587,0.0633451368153454,0.106918940962582,0.0213836882816185,0.21004322530766
"Kola Temben",0.0868372446733165,0.0791091489368377,0.055573088278604,0.106784740247726,0.0141518161020861,0.306889600847688
"Erebti",0.0800747352198008,0.0398487280117449,0.0152630804657515,0.0964927745609925,0.00035133708557661,0.724240648074453
"Asgede Tsimbila",0.0736978911510498,0.0656074153601035,0.0443937257408868,0.0954445388630531,0.0100247747717781,0.273245931017548
"Medebay Zana",0.0710095414840734,0.0642211317615705,0.0481571489403339,0.0871792051766704,0.0197389676260007,0.225173452469866
"Ab Ala",0.065877183295573,0.042213375508353,0.0193511603862234,0.0851696643778519,0.000846819238035816,0.525613653296624
"Degua Temben",0.0645115396938142,0.0525007630122212,0.0313770863022955,0.0829887987062099,0.00395114152237569,0.367406027095211
"Enderta",0.062431112284522,0.0469688201558174,0.0254796967589703,0.0798954507449013,0.00228960880954383,0.423658555304323
"Tahtay Maychew",0.0618724132158108,0.056115791533021,0.0389520250992612,0.0784490508800709,0.0117423016588127,0.19517377205588
"Jikawo",0.0570621115932079,0.0478313230399011,0.0296345580106485,0.0728441162341388,0.00306691114439913,0.287762679788731
"Bidu",0.0556042447329664,0.0156822578562807,0.00416576424779432,0.0580607137449475,2.03140048585981e-05,0.795949953964583
"Afdera",0.0540956693049971,0.0170235785209723,0.00522006320010529,0.0564618207085008,3.81408025027967e-05,0.745726648140323
"Laelay Maychew",0.0486271507124861,0.041566599822601,0.0270655346112588,0.0625271245083136,0.00511597613096246,0.186177935233597
"Mereb Leke",0.0469807562626113,0.0361317270672488,0.0208611781083585,0.0615498877375526,0.00349339649985906,0.257820080087091
"Berahile",0.0454422152377965,0.0161210317243093,0.00568445763129237,0.0466969822459559,8.80046115074184e-05,0.657111185178832
"Werei Leke",0.0452873847214813,0.0358114159695039,0.0201623192911164,0.0593073393440964,0.00276669982814769,0.270009827351095
"Koneba",0.0439329756391073,0.0200533598418387,0.00777806010521739,0.0509668678140991,0.000128977116018376,0.546892705400367
"Kelete Awelallo",0.0433559209108418,0.0279118169414103,0.0135078191349815,0.0543725733005936,0.000749795166297884,0.427712350907897
"Tahtay Koraro",0.0417969925120921,0.0338644184016169,0.020635778538136,0.054759225834611,0.00328670150471853,0.20348156620922
"Hawzen",0.0371663655822786,0.0253527029740022,0.0125383426689105,0.0472684619664789,0.000908505530296068,0.341662599557325
"Adwa",0.0363507242578108,0.0280545195814155,0.0161703891393408,0.0478599517880411,0.00197675297389182,0.195656351907392
"Atsbi Wenberta",0.0362923591195015,0.0194818631461074,0.00818331633917605,0.0434301715227714,0.000266132290447352,0.457945397114897
"Ahferom",0.0324165486137091,0.0219920423309892,0.0114630093155364,0.0428563147168434,0.00074944276980928,0.232850028691376
"Dalul",0.0297069555507837,0.00992079954047894,0.00313138622355841,0.0294005193616709,4.12305903493939e-05,0.536936666958675
"Tahtay Adiyabo",0.0294602460269623,0.0168820211370548,0.00796556531733917,0.0361584221632679,0.000448691285289113,0.313302647176154
"Laelay Adiyabo",0.025652726690952,0.0146291116939323,0.0062826089779679,0.0318981668043795,0.000225969542795845,0.26679794810697
"Jore",0.0251881005490566,0.0180827825170131,0.0106488311030557,0.0317131096643156,0.00118435801241327,0.267216130375495
"Saesie Tsaedaemba",0.0242797845199812,0.0127115514269311,0.00513048081535345,0.0277082285874339,0.000157269482531514,0.367521896225788
"Ganta Afeshum",0.0228909900020089,0.013511657249464,0.00612181492138936,0.0280727910307951,0.000238143611596044,0.270657580522689
"Gulomekeda",0.0228170200135435,0.0127322115875327,0.00565600468139307,0.0284060906021704,0.000175638051824517,0.267456968200058
"Erob",0.0215791106308352,0.00898536364317047,0.00319403401048397,0.0246783867473271,7.65316007204776e-05,0.364568731748126
"Wantawo",0.0171939378980682,0.0101962512866569,0.00477905437628875,0.0203967875477033,0.000242089138095246,0.244082814113959
"Akobo",0.00358392789662424,0.00141760191336357,0.00051531578179369,0.00356870502104987,1.4632354633078e-05,0.113416809753604
