"region","mean_value","cattle_mean","lower_value","cattle_lower","upper_value","cattle_upper"
"Ab Ala",0.0271390346391023,1376,0.00766751742645987,407,0.0687849638306383,3387
"Ababo",0.353959067546925,23405,0.343486473890709,22750,0.364536251439368,24066
"Abay Chomen",0.335868399309777,16310,0.327391940211007,15932,0.344425377479846,16692
"Abaya",0.311322636161689,17017,0.301756589591959,16429,0.321015205618772,17614
"Abe Dongoro",0.314323545019303,17145,0.307095133509211,16745,0.321619883422326,17550
"Abergele",0.217299646086296,16532,0.18354074563074,14031,0.254712793437584,19297
"Abeshege",0.355468884956387,22914,0.346666623107954,22357,0.364343304496633,23475
"Abichuna Gne'a",0.396626155152416,60445,0.373498424981494,56919,0.420102446220823,64024
"Abobo",0.226209001515665,2127,0.209943816636615,2045,0.244187861007262,2209
"Abuna G/Beret",0.373225576850445,65105,0.359301203641561,62756,0.387312297647638,67482
"Ada'a",0.329799295203115,47660,0.314206863092581,45388,0.345686417274636,49975
"Adaa'r",0.174945728984616,19078,0.127478967487093,14834,0.241512377014416,24567
"Adaba",0.233426487016457,37466,0.215187080792462,34722,0.252426162601108,40320
"Adadle",0.30058270288466,0,4.31110965639947e-06,0,0.999020400005195,0
"Adama",0.297670909711863,34255,0.281701576899621,32367,0.314058481872982,36194
"Adami Tulu Jido Kombolcha",0.274335429730543,34477,0.261409899373207,32792,0.287667631790883,36221
"Adda Berga",0.391226534475721,61567,0.374245349220281,58986,0.408444035057234,64180
"Addi Arekay",0.278832967621413,26593,0.258228601643025,24631,0.300158623287024,28624
"Adola",0.238375017465347,35426,0.220467078656277,32686,0.257024967183221,38285
"Adwa",0.0148070336753038,1615,0.000815254945303476,85,0.0733243075085577,8055
"Afambo",0.0824756137684251,3206,0.000346015123237918,17,0.571701398947405,21268
"Afdem",0.24528618982972,1304,0.0038546418309641,18,0.860289867091994,6627
"Afder",0.347752517007797,0,5.25600289564776e-05,0,0.998681502865483,0
"Afdera",0.00149057895151961,14,0.000135810014126344,1,0.00633941192036269,59
"Afele Kola",0.293826305630728,28364,0.280610356690196,27085,0.307303816832729,29668
"Agalometi",0.310940393859683,3750,0.300998938679889,3639,0.321011722687579,3863
"Agarfa",0.223273949333276,34001,0.206137285275915,31332,0.241145392105393,36789
"Ahferom",0.00886802797169854,963,0.000214532345985504,27,0.0561852688269925,5887
"Akaki",0.337230861279414,30030,0.32071832146249,28503,0.354138224356373,31597
"Akaki - Kalit",0.26998083918497,5061,0.240635736629773,4511,0.30089460986115,5641
"Akobo",0.00108507577575767,26,0.000146422619241683,4,0.00382146331101477,90
"Alaba",0.280715602269828,47771,0.270829669894213,46097,0.290762343358824,49472
"Alaje",0.11879670277692,10187,0.072432596797831,6152,0.181252032943852,15647
"Alamata",0.212437105054226,26692,0.171737640554756,21338,0.259334991376916,32905
"Albuko",0.44713681326408,47928,0.413346689378518,44303,0.481290463752886,51592
"Ale",0.282988217141674,15604,0.275327261258227,15192,0.290747928402429,16021
"Aleltu",0.362195786785854,21713,0.342779514594522,20547,0.381954231949894,22899
"Alem Gena",0.359688307971891,56124,0.345620739263225,53907,0.373940041315675,58370
"Aleta Wendo",0.278352945345122,31636,0.267657327647592,30423,0.289239064297271,32870
"Alfa",0.310128005692154,48156,0.296469900019751,46196,0.324065311346941,50155
"Alge Sachi",0.294020574836422,27817,0.288527525009063,27307,0.299561292142988,28332
"Alicho Woriro",0.336204542207053,39289,0.328177839314677,38353,0.34430169545035,40234
"Alle",0.335096828545846,18263,0.323656470334003,17685,0.346714263330804,18849
"Amaro",0.303418749720121,22040,0.29337314636815,21191,0.313657181726591,22912
"Ambasel",0.418445124763272,50047,0.387099017207943,46277,0.450303809960542,53881
"Ambo Zuria",0.360125462344263,74580,0.350191444994228,72571,0.370149230913624,76606
"Ameya",0.341328080428176,57595,0.333048631826368,56191,0.349682543807074,59011
"Amibara",0.366709445468505,58619,0.297978425612177,49554,0.449065155060071,69035
"Amigna",0.249575819165722,27148,0.229754554852102,25022,0.270237125062025,29363
"Amuru",0.329546985357974,21248,0.320581161598043,20738,0.338605868635334,21764
"Ana Sora",0.247561994794799,37816,0.232938048432211,35626,0.262632681130675,40070
"Analemmo",0.337038943051106,21361,0.327948209778687,20786,0.34621756522482,21943
"Anchar",0.318546532195204,20670,0.296397883857071,19210,0.341322429000877,22175
"Anderacha",0.276321861829522,6953,0.267259288173058,6731,0.285523144518297,7179
"Aneded",0.339014140979273,31724,0.322666609852697,30408,0.355811108040427,33067
"Anfilo",0.348202849678615,9928,0.338288171151049,9648,0.358218444811541,10210
"Angolelana Tera",0.381616048399211,53743,0.359231734623444,50561,0.40437956490093,56979
"Anigacha",0.31286002648759,11712,0.305825494229545,11449,0.319958921312224,11978
"Ankasha",0.291250646857791,82981,0.283957600669762,80988,0.298622203506147,84994
"Ankober",0.395732848205999,24198,0.370009982590251,22626,0.421888234265472,25796
"Antsokiya",0.437046648878236,19765,0.398635019751131,18047,0.476585848753865,21530
"Arba Minch Zuria",0.322014905286154,34223,0.312024051555586,33052,0.332248078101981,35434
"Arbe Gonna",0.269746193214187,45345,0.258068041210206,43390,0.281666089366352,47340
"Arero",0.76887719514041,35276,0.607001954914834,27788,0.883161854208505,40660
"Argoba",0.501538030930654,41326,0.46103367817411,37986,0.542028423168238,44665
"Argoba Special Woreda",0.396614024095739,15747,0.369295103018308,14639,0.424441027738109,16876
"Aroresa",0.233039009121691,41358,0.217467079146935,38600,0.249171138593519,44215
"Arsi Negele",0.263942098036298,52070,0.249976583273222,49562,0.278732818226782,54639
"Artuma Fursi",0.473436036771781,35253,0.436631060978411,32517,0.510449776884709,38005
"Aseko",0.300660184046486,26720,0.28062854443671,24945,0.321271978280285,28546
"Asgede Tsimbila",0.0301191075258307,7987,0.0149184363810904,3886,0.0545630043357605,14657
"Assagirt",0.381287414120156,25917,0.357961890589524,24346,0.405025622539685,27516
"Assosa",0.577791057421844,36796,0.561949761527632,35825,0.593505454839115,37762
"Atsbi Wenberta",0.0184954709683737,1900,0.0041487846114008,430,0.0531516023846512,5437
"Aw-bare",0.336512634738344,0,3.72061844663552e-07,0,0.999914383069201,0
"Awabel",0.343095146087276,51594,0.326298656906447,49264,0.360319876261994,53973
"Aware",0.330445729725939,0,5.20649469804678e-09,0,0.999993790860272,0
"Awasa",0.268961294626273,22929,0.251116121684226,22106,0.28777243978903,23765
"Awasa Zuria",0.258610610326005,40737,0.246784952930541,38953,0.270768760213949,42569
"Awash Fentale",0.369335422135155,34139,0.343804887851874,31752,0.395426714030853,36579
"Awra",0.0520377562694222,7751,0.0248670610620412,3811,0.0966245919421896,14039
"Ayida",0.34004283224313,9233,0.327389958886128,8885,0.35288127370118,9587
"Ayira",0.277856194740193,13850,0.271585513489676,13529,0.284192371048172,14173
"Ayisha",0.160196559721807,112,1.44845502747353e-05,0,0.954828877317601,876
"Aysaita",0.081738452268817,8661,0.00126259089840075,146,0.45205815800896,46911
"Babile",0.318675442090774,0,5.59593353254113e-06,0,0.999295382609368,0
"Babo",0.350793836623537,16149,0.343999684224048,15842,0.357632917553689,16458
"Badele Zuria",0.314662162832953,25554,0.309374055261274,25122,0.319986713699557,25989
"Bahir Dar Zuria",0.281650494044208,250599,0.269137088263158,242875,0.294441428457714,258439
"Bako Gazer",0.3503123230764,62580,0.339014067506769,60638,0.361740301506922,64543
"Bako Tibe",0.314343653123188,56359,0.308358906078089,55288,0.320374994606948,57439
"Bambasi",0.48840017750013,18026,0.476689988638674,17599,0.500118293105551,18454
"Banja",0.294897596742666,38896,0.287476310387367,37924,0.302399445797405,39880
"Bare",0.335853620820618,0,1.89836391871776e-06,0,0.999849799239985,0
"Basketo",0.346671590262214,7818,0.337339239690485,7607,0.356093359594613,8032
"Baso Liben",0.343430046325364,44010,0.330134887785266,42312,0.356922247508372,45732
"Basona Worena",0.409791946149739,64726,0.384044582479313,60641,0.435906724110654,68872
"Bati",0.489064281451403,48750,0.449081297721667,44758,0.529143602733983,52755
"Becho",0.324162525665452,41167,0.314073045962392,39846,0.334372776774969,42504
"Bedeno",0.302342802600727,0,0.000702425640560712,0,0.978971755612247,0
"Begi",0.448943271788741,21791,0.438043949140833,21260,0.459879540323662,22325
"Bele Gesgar",0.235587004096373,24553,0.217749785192663,22682,0.254144956141869,26502
"Bena Tsemay",0.360413490370624,43478,0.346796700328973,41868,0.37419777655822,45107
"Bensa",0.250298474539315,37811,0.236042014220666,35686,0.264975273258485,39999
"Berahile",0.00320080217387777,140,0.000607993289994079,36,0.0104242514957273,374
"Berbere",0.184113698178225,12962,0.165401584748566,11643,0.203988107838598,14363
"Bereh",0.369690456275197,53145,0.35196612174468,50601,0.387677835774888,55728
"Berehet",0.382620562609592,20173,0.35968400307686,18978,0.405954321203355,21389
"Bero",0.561391923074455,2957,0.523670872573521,2756,0.59839741374003,3154
"Beyeda",0.24189471477695,16961,0.219038360295861,15381,0.266305990431242,18650
"Bibugn",0.358535176654643,35218,0.344389681665868,33831,0.37286105369381,36622
"Bidu",0.00139809009289763,13,8.08958396016291e-05,1,0.00685814842400564,66
"Bila Seyo",0.316379689528149,16630,0.309123331350725,16269,0.323705478400678,16994
"Bilidigilu",0.459278189492514,9352,0.448021293927352,9132,0.470562271486858,9573
"Bilo Nopha",0.283208220935171,9252,0.276304892145009,9028,0.290189361461512,9479
"Bio Jiganifado",0.309765071157942,17150,0.300792440136336,16681,0.318859218889473,17626
"Bita",0.30374786289767,21235,0.296254086749336,20731,0.311323185324106,21744
"Boh",0.295526899082535,0,4.0213581624116e-10,0,0.999995053102367,0
"Boji Chekorsa",0.272232279646626,13155,0.265775097425573,12846,0.278760097678446,13468
"Boji Dirmeji",0.27202581508555,10853,0.264740054515364,10556,0.279430353091704,11155
"Boke",0.264539754195586,21780,0.0437040580948926,5453,0.70257892665779,50466
"Bole",0.252547640212394,21225,0.217934166430461,18343,0.290138288197268,24352
"Boloso Bombe",0.364298792429828,26401,0.35676199654066,25891,0.371886356654977,26915
"Boloso sore",0.332062785783361,41627,0.32652545861846,40937,0.337634779400263,42322
"Bona Zuria",0.257474331030925,23082,0.245649494065584,22019,0.269567761912539,24169
"Boneya Boshe",0.316757138442732,21200,0.310830851210458,20804,0.322727610855506,21598
"Bonke",0.34709371341557,44673,0.338425157619318,43599,0.355838131620946,45757
"Bora",0.323417134488334,27659,0.310354983176093,26533,0.336686722866442,28804
"Bore",0.269161585770198,42818,0.256569537659093,40836,0.282038046061454,44844
"Borecha",0.331263242216067,15792,0.324559309254906,15465,0.338020883669082,16122
"Boreda",0.336160875605315,13165,0.329315516728837,12901,0.3430581974961,13431
"Boricha",0.280495987783544,68296,0.270662611195631,65784,0.290498200411951,70855
"Boset",0.328741909849399,53296,0.309694025767738,50172,0.348244254659105,56499
"Bugna",0.348526414413572,30772,0.328601172600598,29013,0.368858372651506,32567
"Bule",0.288152438389543,10232,0.275716023290065,9792,0.300829429093894,10680
"Bule Hora",0.28436773240316,65509,0.26762158666043,61615,0.301580725439275,69515
"Bulen",0.304486820412208,17357,0.292824729647711,16730,0.316338544411561,17994
"Bure",0.304352096111863,40426,0.295447630796586,39303,0.313365081968357,41563
"Bure Mudaytu",0.316816912212719,59833,0.174397712153539,33869,0.49615711523584,92874
"Burji",0.315415425907311,16519,0.300497124601107,15777,0.330619552111623,17276
"Bursa",0.281218841388426,48744,0.270362594615864,46851,0.292268665565125,50672
"Cheha",0.367233974573836,58567,0.357314461155481,57016,0.377266069596631,60135
"Cheliya",0.326116651036339,67199,0.319508670729551,65819,0.332782189226454,68591
"Chena",0.316873370583655,47791,0.309795354347682,46731,0.324016411192752,48861
"Chencha",0.324642787057957,15500,0.318285070722872,15197,0.331048683769604,15805
"Chereti/Weyib",0.367973453578063,0,0.00250220983627762,0,0.98004067790265,0
"Cheta",0.336695971644571,16461,0.328974740348693,16065,0.344485559318652,16859
"Chifra",0.209047123465681,128398,0.154225721962372,97579,0.276880809872602,165180
"Chilga",0.342563581063346,101370,0.318001687823712,94648,0.367816960901047,108282
"Chinaksen",0.334170805329845,0,2.53496964254224e-06,0,0.999714888274304,0
"Chire",0.239794823907998,17765,0.224208866525949,16608,0.255917342787688,18962
"Chiro Zuria",0.284227616495108,29792,0.0738803080043213,7453,0.625032481906632,66272
"Chole",0.268811888147288,29220,0.249242594991017,27068,0.289125328878493,31455
"Chora",0.326644170523036,89391,0.318833604463356,87331,0.334530953624009,91471
"Chuko",0.279245930044637,28279,0.269280554010035,27260,0.289383274504319,29316
"Chwaka",0.299845885905596,9886,0.292534875472852,9649,0.307232233570453,10125
"Dabat",0.272618705921144,35654,0.25463536833576,33342,0.291178457097964,38041
"Dabo Hana",0.303628955047717,19401,0.298082890504617,19065,0.309219695063321,19740
"Dale",0.282688869888747,24153,0.271650386149692,23212,0.293931283950778,25111
"Dale Sadi",0.258622834545047,13652,0.252035869651417,13304,0.265292286769064,14005
"Dale Wabera",0.275893896158281,4348,0.269080679825977,4241,0.282787366845728,4455
"Dalfagi",0.358887853313765,34338,0.296755235872922,29103,0.431318872588723,40337
"Dalocha",0.302214602306328,27595,0.292357276025322,26694,0.312212857087521,28509
"Dalul",0.00233549175188493,297,0.000268954031978915,35,0.00914741642012673,1143
"Damot Gale",0.3082828384959,34377,0.301427312555493,33634,0.315204232505516,35128
"Damot Pulasa",0.328900232582589,13048,0.32254285654891,12796,0.33530432748787,13302
"Damot Sore",0.323423919960807,26280,0.317205916079985,25783,0.329690835683478,26781
"Damot Weydie",0.308991698908268,29554,0.301892033325296,28878,0.316159854868585,30236
"Dangila",0.262436489596601,52593,0.256096561714759,51327,0.26884973782885,53873
"Dangura",0.354692290907641,11909,0.333684491634211,11314,0.376161594707394,12516
"Daniboya",0.322542620366082,20847,0.315513019663728,20392,0.329633292973918,21306
"Dano",0.32957942118412,48227,0.322837728580179,47275,0.336377468516632,49187
"Danot",0.300879987152472,0,1.95156967753708e-09,0,0.999990319746421,0
"Dara",0.273744320576298,21331,0.260770235507853,20338,0.28703509558775,22348
"Daramalo",0.341369212016199,11865,0.333534603780464,11610,0.349270652339777,12122
"Darimu",0.28615329406106,32635,0.279164132026148,31879,0.293220669183173,33400
"Daro Lebu",0.27095790088711,19517,0.22627661743906,16849,0.322036972401746,22490
"Dasenech (Kuraz)",0.605745141036555,351228,0.39901153324941,247177,0.797379454005335,446841
"Dawe Kachen",0.187911910419468,6830,0.114151955296,4082,0.289582478822578,10677
"Dawo",0.364597964646442,31134,0.353214531004878,30168,0.376098296711532,32109
"Dawunt",0.342561755978409,16656,0.316230366447638,15350,0.369766401812485,18007
"Debark",0.281572825000216,33354,0.261612147527549,31019,0.302199065689536,35767
"Debay Telatgen",0.367146212109833,38893,0.350298175108042,37115,0.384219122224507,40696
"Debeweyin",0.321117349876422,0,7.12463304268352e-08,0,0.99995574399565,0
"Debre Elias",0.339144315621342,37652,0.328443115536043,36531,0.349967716724227,38785
"Debre Libanos",0.402105905978109,26765,0.381136716371217,25368,0.423344290021806,28180
"Debresina",0.394922538226203,71000,0.3702756227853,66549,0.419973870070387,75526
"Debub Achefer",0.263490571416744,45588,0.256308887152679,44352,0.270767520376639,46841
"Debub Bench",0.289286102727331,31662,0.280021932881898,30671,0.298684584243099,32667
"Decha",0.331364882695806,41204,0.32270057867994,40188,0.340114743430919,42229
"Deder",0.300113733210979,0,0.00238748021897261,0,0.953283778111344,0
"Dedesa",0.323725665323176,27338,0.317452988727975,26801,0.330047123673502,27879
"Dedo",0.350565423099442,104655,0.344035871386057,102803,0.357137910212426,106519
"Dega",0.296760419366093,21128,0.291637805920185,20770,0.301922769245319,21488
"Dega Damot",0.330511455438484,47267,0.318055804398065,45510,0.3431571233121,49049
"Degehabur",0.317104796299816,0,5.38441298922638e-07,0,0.999821039911021,0
"Degehamedo",0.309481816324376,0,1.05765424659876e-06,0,0.999655916815839,0
"Degeluna Tijo",0.268337328185316,49592,0.253421387277624,46884,0.283643121592776,52372
"Degem",0.393607658043686,51015,0.373876338327204,48502,0.413603533886376,53561
"Degua Temben",0.0536749811722916,5078,0.0235478296322308,2245,0.104366435135482,9817
"Dehana",0.332448837737742,33162,0.312141494112969,31150,0.353233909178921,35220
"Dehas",0.868114925018858,48047,0.71291487630306,39614,0.955463596368729,52759
"Dejen",0.361308929247063,32510,0.344137757654819,30991,0.3787527107891,34053
"Delanta",0.401349357991561,46927,0.374503418447449,43777,0.428636399842143,50128
"Dembecha",0.32807348943229,55989,0.317604375924124,54172,0.338670405825553,57830
"Dembel",0.30342208455571,0,5.19414593244197e-06,0,0.99883885605529,0
"Dembia",0.248075574645306,62604,0.235953209619763,59521,0.260507433845766,65766
"Denan",0.296119056049176,0,3.62417773523048e-06,0,0.998999544516316,0
"Dendi",0.365387492619612,96725,0.353794334925947,93666,0.377097433035721,99816
"Denibu Gofa",0.373376470247117,30769,0.364117571968923,29999,0.382706224999062,31546
"Dera",0.337907851911943,160835,0.322436381215126,153503,0.353609323320569,168279
"Derashe",0.326636238748163,23015,0.316089521291156,22275,0.337319968520237,23763
"Dessie Zuria",0.435315438614137,120970,0.401874742747972,111584,0.46920989103256,130485
"Dewa Cheffa",0.468742070609702,63101,0.432055316900726,58133,0.505674953254668,68107
"Dewa Harewa",0.4967087599436,33280,0.457224683782486,30645,0.536219602649498,35917
"Dewe",0.370637572399444,34281,0.311205104286969,29816,0.444592554418493,39261
"Dibat",0.294605133049441,23297,0.283212027986317,22434,0.306191559007348,24173
"Didu",0.285963616135882,19859,0.277666309715231,19294,0.294373358416652,20431
"Diga",0.302576678549636,30356,0.29624189563795,29714,0.308969592124233,31004
"Diguna Fango",0.289525836573641,18801,0.280762648630606,18237,0.298419910800535,19373
"Dihun",0.272111171473304,0,4.99355470074967e-05,0,0.992351258919671,0
"Diksis",0.264616574924194,44919,0.249122886382399,42271,0.280554781426096,47644
"Dila Zuria",0.269650758901114,2960,0.258423320186307,2837,0.281100703808521,3086
"Dillo",0.804220106750176,29050,0.566725176415091,20768,0.931936969583924,33632
"Dima",0.522602794085664,7535,0.48465497925454,6984,0.559232398087041,8067
"Dinsho",0.240082231850357,7979,0.219553781299005,7293,0.261536209066582,8697
"Dire",0.826623627001815,73013,0.664804319011782,59120,0.926125799507419,81603
"Dire Dawa",0.328977466675075,0,8.82840180659188e-05,0,0.996148054590448,0
"Dire Dawa/Town",0.331165048144279,0,0.000160670811620329,0,0.994888074032676,0
"Dita",0.349253735778729,36846,0.341888517545377,36081,0.356672804226599,37617
"Doba",0.294773247110002,10624,0.0139595067082489,816,0.857731435101331,30351
"Dodola",0.240396381300643,62430,0.224831567612201,58414,0.256488378408977,66584
"Dodota",0.303670559911294,35934,0.289378129230833,34219,0.318253057408363,37684
"Dolo Odo",0.558878744819192,0,0.0140424275310065,0,0.996325026971348,0
"Dolobay",0.432825177966468,0,0.000258148355244613,0,0.999193433012164,0
"Dorani",0.282634000638506,6921,0.273898712030624,6708,0.291491968262699,7137
"Doya Gena",0.32257393206713,29031,0.315028348820068,28351,0.330191435018077,29717
"Dubti",0.0380287899753559,2899,0.00443995209167385,443,0.166275963741636,11870
"Dugda",0.297439319614507,47786,0.283767970288522,45383,0.311570846472317,50293
"Dugda Dawa",0.413745051714218,72553,0.361006576407984,64849,0.466466088330783,80368
"Dulecha",0.3934281366643,66309,0.36415047005222,61447,0.423393332811315,71280
"Dune",0.325210842165826,17373,0.317522957358094,16962,0.33297135465788,17788
"East Belesa",0.296933565959885,53994,0.279317747530744,50826,0.315021035157647,57247
"East Esite",0.320411540771835,52387,0.306623613694606,50092,0.334439535427353,54726
"East Imi",0.26542664066909,0,9.85368847578841e-05,0,0.984745904572462,0
"Ebenat",0.311258411178947,71250,0.294924431771399,67574,0.327943484430172,75007
"Eferatana Gidem",0.456473645860751,24506,0.422444931532899,22683,0.490797280183452,26346
"Ejere",0.372507723338104,40379,0.358574643990293,38867,0.386600455491725,41909
"Elidar",0.00780125813362113,496,0.000155552909232045,8,0.0508642354566019,3254
"Enarj Enawga",0.373228699726675,51996,0.353795706696687,49298,0.39296607227415,54739
"Enbise Sar Midir",0.383362233977398,36652,0.360789414272621,34500,0.406329158443578,38842
"Endamehoni",0.159545119238293,9126,0.111945905722188,6336,0.218372686429092,12598
"Enderta",0.0459205504436878,5717,0.0170243233746661,2125,0.099110360600738,12323
"Endiguagn",0.342077853014723,20468,0.334620917894551,20021,0.349592998100926,20917
"Enemay",0.359234769662586,55507,0.342139994144466,52862,0.376597486837049,58194
"Enemorina Eaner",0.374628566409214,96900,0.365685115675734,94644,0.383636153527954,99173
"Ensaro",0.394696977352,8595,0.372477691840103,8112,0.417246950802522,9086
"Erebti",0.00375695622281296,241,0.000650465042551795,44,0.0124132348316155,773
"Erer",0.254981876267266,384,0.000865858461574948,1,0.920035347493908,2941
"Erob",0.00231049409772142,53,4.25767947420089e-05,1,0.0140256041515963,330
"Esira",0.351961442457155,19371,0.34379806170768,18956,0.360195811716117,19789
"Ewa",0.204139349741222,73628,0.149968358389183,54846,0.270219389042028,96173
"Ezha",0.366285884001574,45710,0.357904883663605,44667,0.374726855392221,46760
"Fagta Lakoma",0.280944346030886,50303,0.273536071334757,48974,0.288441816979024,51648
"Farta",0.282293920493891,68115,0.269145594372736,65015,0.295782699199227,71289
"Fedis",0.313291319624604,0,3.98800438213649e-05,0,0.997145016070735,0
"Fentale",0.350106360708409,41846,0.327005362665408,39115,0.373776459076472,44645
"Ferfer",0.330231257183326,0,2.2486426846563e-09,0,0.999996349557423,0
"Fik",0.295684503167422,0,2.06997307274499e-05,0,0.997260736411905,0
"Filtu",0.527616270232831,7393,0.0881822777207105,2512,0.942392646723543,11402
"Fogera",0.264077326377251,60589,0.252876890187824,58081,0.275580255991339,63160
"Gaji",0.283771330652601,8577,0.277811161632425,8395,0.289787675605374,8761
"Gambela Zuria",0.297769739334642,43769,0.28776050507504,42295,0.307923765898294,45264
"Gambella Wild Life Reserve",0.0799410472272092,0,0.0474959714807304,0,0.122517333391778,0
"Ganta Afeshum",0.00765824168953767,499,0.000475450212455411,31,0.03631026476206,2369
"Gasera",0.208788191384011,28431,0.190826546824557,25962,0.227641305962962,31024
"Gashamo",0.320807792368233,0,2.68732475141589e-09,0,0.999993976457528,0
"Gawo Kebe",0.340495544110093,18754,0.332339009946862,18315,0.348716832784369,19197
"Gaz Gibla",0.371314299323531,25342,0.347062003786902,23692,0.3960570157687,27026
"Gechi",0.327747242209844,29578,0.321913209164823,29051,0.333621874380501,30109
"Gedeb Asasa",0.220511645278787,54489,0.206312655209349,50975,0.235214353157228,58129
"Geladin",0.305587788946038,0,7.24552526452692e-10,0,0.999995112773323,0
"Gelana",0.30222446879868,12472,0.293221562469584,12064,0.311345311605214,12887
"Gelila",0.357219813880928,11277,0.348136235719257,10994,0.366380944113858,11563
"Gembora",0.335554495464713,32524,0.32738898235535,31747,0.343793646527898,33307
"Gemechis",0.282381920118639,41559,0.0289757156793413,4796,0.764002553071175,109435
"Gena Bosa",0.370170555757634,44544,0.362843346980086,43681,0.377542552951059,45412
"Gera",0.318081235050113,37501,0.310101861329589,36593,0.326146095370295,38418
"Gerar Jarso",0.380420886348379,24485,0.35433049029666,22975,0.407299084024339,26035
"Gerbo",0.296344143365329,0,3.93737896257418e-06,0,0.99896850901675,0
"Gesha (Deka)",0.30441846026341,35813,0.296407472135575,34906,0.312522779114789,36731
"Geta",0.370091587885809,29436,0.361395944907062,28745,0.378850014042297,30133
"Getawa",0.318218853969884,28529,0.311309744740689,27912,0.325189005435184,29151
"Gewane",0.293780379594152,33124,0.0575810378911931,9506,0.685597851288256,68756
"Geze Gofa",0.366512207144949,21695,0.357871296619675,21185,0.375217216107029,22208
"Gibe",0.3499861922998,33097,0.342501810602863,32390,0.357525912568827,33810
"Gida Ayana",0.306198861407266,53045,0.298961440913657,51817,0.313506893347449,54283
"Gidami",0.413962690853729,20511,0.402747543183199,20001,0.425240796231958,21025
"Gidan",0.372807117143678,47819,0.346159467686807,44410,0.40004438675766,51301
"Gimbi",0.297017063298714,16941,0.29005645299401,16557,0.304047391439193,17330
"Gimbichu",0.336629471033155,24267,0.317327132550446,22899,0.356508450896282,25675
"Gimbo",0.312968554483886,23437,0.306056948910132,22930,0.319944638310153,23950
"Ginde Beret",0.356921694344532,52169,0.346426692743367,50662,0.367518255005731,53691
"Ginir",0.178243920000948,32467,0.117356141930366,23994,0.27021342353939,44342
"Girawa",0.306028247557893,0,0.000186984018270627,0,0.991217911280966,0
"Girja (Harenfema)",0.225299666570222,13990,0.208465122727572,12960,0.242823212649992,15062
"Gishe Rabel",0.469481990425114,26826,0.434930936957452,24867,0.504253255516266,28797
"Gnangatom",0.585426936443243,242999,0.549380914046525,227192,0.620693507139541,258418
"Goba",0.206484297631622,13526,0.186827105489961,12222,0.227224067847609,14904
"Goba Koricha",0.299786014908844,28219,0.241791813596826,22224,0.366141457976064,35130
"Gobu Seyo",0.311043795018602,28834,0.30558748121528,28328,0.31653867933381,29344
"Gode",0.301404384736859,0,1.62497341261598e-06,0,0.999468879402597,0
"Godere",0.277029680839572,7507,0.267822715667687,7268,0.28637907969668,7749
"Gog",0.298746635861453,623,0.260932927710305,499,0.340455526623503,766
"Golo Oda",0.281893856507422,0,0.00159196699680013,0,0.955649281843857,0
"Gololcha Arsi",0.280838526365037,50973,0.261022765126147,47404,0.301305913197998,54658
"Gololcha Bale",0.212939868935882,27751,0.158373475979892,22034,0.28413806501485,34775
"Goma",0.323792662551196,47026,0.316713127955907,45984,0.330935210494127,48077
"Goncha Siso Enese",0.358303266554604,47742,0.339196193723885,45244,0.377821805359862,50293
"Gonder Zuria",0.239523828470427,54751,0.226751551190692,51783,0.252672842035415,57810
"Gonje",0.302728363386583,17300,0.292471867289876,16714,0.313132453397875,17894
"Gorche",0.292143789919729,37721,0.280620599500584,36249,0.303867896131845,39219
"Goro",0.24559103680105,45166,0.230217118694305,43135,0.261784867486056,47282
"Goro Baqaqsa",0.293048471073978,2346,0.0224964674676825,322,0.827817100211386,5988
"Goro Dola",0.491801672650416,34899,0.386693822497529,27538,0.595569892948883,42290
"Goro Gutu",0.315714839890325,0,0.00340924180196821,0,0.952566313181557,0
"Guagusa Shikudad",0.298560147176409,23313,0.290119030329972,22674,0.307111484250814,23961
"Guangua",0.283883985044721,81805,0.275321685977553,79572,0.292565835467688,84066
"Guba",0.45676250155301,9981,0.415731036438414,9081,0.498249799409027,10889
"Guba Lafto",0.398020794462115,65844,0.368998768307213,60992,0.42759623060501,70795
"Gudetu Kondole",0.41829041672688,28673,0.4090796485169,28037,0.427541954848279,29312
"Guduru",0.345125663434029,51828,0.336411214161338,50590,0.353918170089792,53077
"Gulina",0.130779984878472,21509,0.0833774839558278,14060,0.193667705556652,31162
"Guliso",0.286307178875497,14126,0.28044123199179,13839,0.292226781603516,14417
"Gulomekeda",0.00514863333682081,257,8.52964698594618e-05,4,0.0318327397724395,1597
"Gumay",0.336127843650939,18663,0.329694841934216,18305,0.342606194580227,19023
"Gumer",0.345608944315696,27826,0.337824498284252,27200,0.353454983860038,28457
"Guna",0.282242285053387,24305,0.263858088257696,22725,0.301180322098552,25934
"Gunagado",0.322468423892897,0,1.01417901676746e-08,0,0.999987285544185,0
"Gura Damole",0.280825124325841,8900,0.187696774500093,6661,0.397387524128672,11623
"Guradamole",0.204098608376248,6720,0.025942999932003,1149,0.624596303999285,18841
"Gurafereda",0.331289594632695,5198,0.318950763422574,5012,0.343775350955945,5386
"Gursum",0.32374733285125,0,5.24424198861442e-06,0,0.999380299223069,0
"Guto Gida",0.299076806021723,29977,0.291574128031663,29197,0.306690963787969,30770
"Guzamn",0.345843236345144,43713,0.334273390190127,42242,0.357548313017673,45203
"Habro",0.294149948581015,27272,0.238671073702293,21985,0.357045567332386,33282
"Habru",0.388761405422046,74787,0.353176235414932,67904,0.42542838384182,81894
"Hadelela",0.334236829330329,27054,0.274435469411111,21528,0.404341197248261,33640
"Hadero Tubito",0.338842579846309,30315,0.332738924369649,29774,0.34498791449572,30859
"Hagere Mariam",0.377795277517745,30585,0.35746429768409,28949,0.398450691903349,32248
"Halu",0.293836446523232,5453,0.287183253332278,5332,0.300555345608206,5576
"Hambela Wamena",0.251201164680564,13239,0.237367531253106,12520,0.265424473768081,13977
"Hamer",0.433208482264302,245868,0.347824003728459,203022,0.520692230591848,289609
"Hamero",0.277409286128773,0,4.50085873017548e-05,0,0.993556656064386,0
"Harar",0.313468802164601,0,3.06575180962052e-05,0,0.997520524187001,0
"Harena Buluk",0.205108089728811,11632,0.187452861743515,10636,0.223643750790827,12676
"Hareshen",0.342459587136837,0,6.38485120412074e-09,0,0.999995784434514,0
"Hargele",0.317493246200611,0,0.000105352048049949,0,0.995330869416619,0
"Haro Limu",0.30426436770213,24644,0.294837249739101,23898,0.31381334570445,25399
"Haro Maya",0.310141961441052,0,6.970028654378e-05,0,0.995518779923399,0
"Haru",0.285703040258473,9338,0.28051048960367,9168,0.29093716186304,9509
"Hawa Galan",0.271089717687973,6117,0.262956018072516,5925,0.279341081209899,6312
"Hawi Gudina",0.258959085260547,23740,0.142411464818764,15830,0.444039893661508,35555
"Hawzen",0.0198100581194155,1697,0.00572817537882928,473,0.0508755744279907,4454
"Hidabu Abote",0.376347731501945,31776,0.356509857175291,30165,0.396500220985676,33412
"Hintalo Wejirat",0.0672340107284772,10573,0.031145117363071,4992,0.125414462679865,19438
"Hitosa",0.301770553451239,34596,0.284593583029991,32651,0.319367058695186,36589
"Homa",0.280536191322633,2048,0.275706587686691,2013,0.285402985625529,2084
"Homosha",0.604928595036361,997,0.588899928519924,971,0.62078497720863,1023
"Horo",0.325418644819351,10871,0.318394248604008,10637,0.332504120055098,11106
"Hudet",0.70158049018454,18120,0.485702693570207,12767,0.865792793354473,22238
"Hulet Ej Enese",0.331111169938561,82873,0.315890178239988,79032,0.34672190256248,86820
"Hulla",0.276542652325674,35688,0.265159831820675,34243,0.288147726256109,37161
"Humbo",0.322050432558561,27064,0.315158391230278,26506,0.32900265565913,27626
"Hurumu",0.302584300914988,12651,0.295208665713115,12356,0.310040079850575,12950
"Ibantu",0.308900352289357,19140,0.299448766360994,18558,0.31846969498001,19730
"Ifata",0.354716812207274,21397,0.343048715804776,20725,0.36651998503929,22076
"Ilu",0.361473336502892,13801,0.348384448515766,13301,0.374717415486692,14307
"Inkolo Wabe",0.234431507697904,25594,0.219129752162796,23924,0.25026458588446,27321
"Itang",0.395529130122957,17685,0.378359971446002,16898,0.41281451360479,18473
"Jabi Tehnan",0.315100153293397,64634,0.305952244593193,62748,0.324355096353954,66542
"Jama",0.412632256502323,48245,0.383809881555208,44875,0.441902515490762,51667
"Janamora",0.272335767666907,22881,0.253042535859784,21248,0.292287565362552,24571
"Jarso",0.314209469697489,20758,0.145681186514362,20367,0.650847934369516,21153
"Jarte Jardega",0.334237109486679,36384,0.326223452838591,35614,0.342323721406633,37161
"Jawi",0.346347369799612,28571,0.327452773420332,27385,0.365620987289447,29778
"Jeju",0.29078916071464,51852,0.273970646905834,48850,0.308042741063866,54931
"Jeldu",0.363792814753439,90822,0.352441759174385,87965,0.375258823436712,93709
"Jibat",0.356818020005316,6400,0.348690935602638,6276,0.365017339463867,6526
"Jida",0.388481985343409,34467,0.367951127542131,32643,0.409309641236748,36316
"Jijiga",0.330422168311721,0,7.08227800834262e-07,0,0.999857419632995,0
"Jikawo",0.043228451382231,1376,0.0186035232999627,590,0.0825690660210202,2628
"Jille Timuga",0.450121628078107,61090,0.415626822483525,56375,0.484979064619174,65861
"Jimma Arjo",0.319408456860663,30586,0.313179420555032,30005,0.325686117056209,31171
"Jimma Genete",0.306086310298271,8014,0.299519562397567,7848,0.312714340635861,8182
"Jimma Horo",0.326662576141125,12913,0.313226392276757,12282,0.340758146749535,13584
"Jimma Rare",0.327923519073862,21361,0.320714074793908,20909,0.33519298993503,21817
"Jore",0.0138303236125371,82,0.00514065759119659,28,0.0296048322527769,188
"Kacha Bira",0.335189340894198,12071,0.329100141411217,11852,0.341319396114477,12292
"Kafta Humera",0.239013669158755,21004,0.195225181732983,16986,0.289197764797421,25703
"Kalu",0.4571074835368,108018,0.419851166956683,99215,0.494716403553149,116908
"Kamashi",0.308966586322311,3272,0.29964417755745,3177,0.318405626303624,3368
"Kebena",0.377825358467422,22693,0.369017358580131,22166,0.386692844315132,23224
"Kebribeyah",0.335853818013213,0,1.98327305207213e-07,0,0.999945769854212,0
"Kebridehar",0.31222497792241,0,2.16343895020143e-07,0,0.999887094011297,0
"Kediada Gambela",0.308539419722888,38016,0.301332656515839,37148,0.31582217153327,38894
"Kelafo",0.326885682428498,0,7.2048349627524e-08,0,0.99996292644854,0
"Kelela",0.40807481567198,81785,0.381426423465962,76410,0.435135545269437,87243
"Kelete Awelallo",0.0278887981189057,2225,0.00816221251993706,644,0.0694227534360081,5574
"Kemba",0.357407290924551,70532,0.348326616931181,68828,0.366566880472676,72250
"Kembibit",0.371461459941929,24349,0.350651753898793,22983,0.392631823329958,25738
"Kercha",0.260335278395071,21631,0.244937740766832,20373,0.276184122580947,22925
"Kersa",0.33138446235774,86001,0.243926249214698,84200,0.515637709379404,87819
"Kersana Malima",0.345334995971588,8031,0.33307885666383,7746,0.357745969396154,8320
"Kewet",0.421746274074384,41837,0.391453376510527,38837,0.452485920757269,44882
"Kiltu Kara",0.345259298010766,18549,0.338272902938043,18174,0.352294697195099,18926
"Kindo Dida",0.360713952944629,26790,0.354268003272734,26313,0.367197160864851,27270
"Kindo Koysha",0.353160964105463,14794,0.344066877107963,14443,0.362352467973233,15149
"Kiremu",0.312866889333566,23987,0.305677126880517,23498,0.320127507589094,24479
"Kobo",0.281167549484285,85814,0.23949082475983,72770,0.326820939496862,100142
"Kochere",0.268112714073636,9198,0.255126871335614,8753,0.281400768862735,9654
"Kochere Gedeb",0.266737857947095,15529,0.254665489370525,14822,0.279087202147132,16253
"Kofele",0.267045851848684,70989,0.254047157308462,67612,0.280355113668366,74444
"Kokir Gedbano",0.370639547283421,62749,0.360967858916969,61114,0.380389791954465,64398
"Kokosa",0.285588127444993,74532,0.271141281511291,70782,0.300369549142525,78368
"Kola Temben",0.083454115280137,11064,0.0475350934031452,6308,0.135867049330471,17978
"Kolfe - Keran",0.261509410418907,0,0.229856515920254,0,0.295108494290057,0
"Kombolcha",0.328833340470065,0,2.65345422868241e-05,0,0.998333706870727,0
"Kondaltiti",0.348037655112335,22370,0.33699866165194,21662,0.359199664993458,23086
"Koneba",0.00883605724299194,246,0.00159907189113791,45,0.0282060098720347,779
"Konso",0.341768898031839,47361,0.328152521412592,45569,0.355580787772524,49179
"Konta",0.343240005551256,34952,0.335456504737614,34237,0.351095890569396,35672
"Kore",0.253596132096198,61784,0.239867622640528,58454,0.267698706361752,65204
"Kucha",0.351874546663488,56206,0.344592608081459,55053,0.359208302038745,57367
"Kuni",0.271674506664727,33884,0.0459158971744163,8675,0.697731166696107,75949
"Kurfa Chele",0.303033030919975,0,0.000153386300273976,0,0.991866989261291,0
"Kurmuk",0.655909283525591,13490,0.637278959620837,13117,0.674186772122567,13856
"Kurri",0.00635677451498176,167,0.00118340094623818,33,0.0202893996465464,516
"Kutaber",0.422698631888993,31993,0.390254040113866,29567,0.455683185191406,34457
"Kuyu",0.393595282581474,61100,0.376778634976558,58485,0.410598935270963,63747
"Laelay Adiyabo",0.00228832412212612,428,0.000303767108702987,56,0.00861871600398426,1610
"Laelay Maychew",0.02243952953936,1417,0.00184468949079712,108,0.102872792984483,6599
"Lagahida",0.28250086598066,0,0.000115859315140284,0,0.989931840732996,0
"Lalo Asabi",0.281515233123231,13394,0.275296410594994,13098,0.287795606434729,13694
"Lalo Kile",0.26062448819322,29859,0.254662451604843,29185,0.266653637596399,30540
"Lanfero",0.283557281797541,31542,0.273134807570573,30401,0.294154982843766,32702
"Lare",0.278141365338515,12800,0.240422619556015,11148,0.319924281679406,14616
"Lasta",0.347488072132057,27437,0.323818804241655,25572,0.371750601720848,29349
"Lay Armacho",0.282972803431685,52981,0.266448250660382,49958,0.299961346128767,56088
"Lay Gayint",0.318020114201405,50950,0.300568758819919,48186,0.335894546588221,53781
"Legambo",0.422675305682411,45906,0.392587741862884,42641,0.453187628226046,49217
"Lege Hida",0.243885355684493,6140,0.0147266121306804,1073,0.814736832478266,16365
"Legehida",0.38921964050358,15598,0.357914251926211,14345,0.421244520074235,16881
"Leka Dulecha",0.305006918620809,14805,0.299548950484095,14539,0.31050590873361,15072
"Liben",0.666664844014082,81987,0.505322000747082,61997,0.7999416985945,99022
"Liben Chukala",0.326510038108571,31670,0.312288716624726,30286,0.340995356536031,33081
"Libo Kemkem",0.264849155878053,32209,0.253027519340335,30783,0.276924549421824,33666
"Limu",0.312327640757445,60187,0.303706322760434,58638,0.321045026521334,61752
"Limu Bilbilo",0.24177364200912,69481,0.226682208402321,65132,0.257357019937063,73974
"Limu Kosa",0.334634599968267,57240,0.326599677750725,55886,0.34274426337147,58606
"Limu Seka",0.333052877635952,66615,0.3260811900475,65199,0.340082206577589,68044
"Loka Abaya",0.314634298836801,35964,0.304959062544925,34876,0.32443039041302,37065
"Loma Bosa",0.368384825301879,28228,0.359846612249583,27619,0.376989061569303,28842
"Lome",0.315095616882558,34843,0.300080947384886,33170,0.330403999769888,36549
"Lude Hitosa",0.273542201815159,21989,0.258910304513948,20813,0.288545263254098,23195
"Maji",0.457827135463114,10131,0.435368529814745,9669,0.480080686861348,10592
"Male",0.361731460670863,43755,0.349092996987839,42271,0.374545046221651,45258
"Malga",0.288812278734136,25457,0.276679276946401,24385,0.301173219910122,26549
"Malka Balo",0.289662764218088,0,0.00463049177479464,0,0.921980356492707,0
"Mana Sibu",0.40972774889983,50408,0.401725494557034,49429,0.417763916785986,51391
"Mandura",0.304593152389117,9209,0.294039988101501,8918,0.315304024797712,9504
"Maokomo Special",0.522419658186052,19876,0.507759480018232,19338,0.537042365295789,20414
"Mareka",0.368074395153938,45224,0.360126599579025,44288,0.37607588471593,46167
"Mareko",0.294525144932365,21039,0.284150101915578,20300,0.305061081152427,21790
"Masha",0.281395671884107,9764,0.272881653816417,9480,0.29002918171703,10052
"Mecha",0.277703876972414,84872,0.270821149914098,82774,0.28466531849309,86995
"Meda Welabu",0.427802681588234,60491,0.307549363659877,46441,0.55243898880732,74929
"Medebay Zana",0.0395807635937711,4618,0.0092095444530694,1029,0.114061027094621,13585
"Megale",0.0345804966815856,1900,0.0117255486506475,655,0.078729558902328,4275
"Mehal Sayint",0.387164521060721,26776,0.363260775873489,25100,0.411483075750578,28482
"Mekdela",0.391179424973392,67808,0.36321292841868,62794,0.419745015849383,72939
"Meket",0.35384319153319,77423,0.331430736485352,72507,0.376780103423786,82455
"Meko",0.303445771365788,7755,0.297765071136962,7615,0.309171571098134,7895
"Melekoza",0.359801998666823,31948,0.351523270477561,31212,0.368143538048808,32690
"Melka Soda",0.4157622550622,35500,0.356074709559557,31014,0.476212983722118,40080
"Mena",0.276509904469111,62002,0.241451424767293,58002,0.313520370071103,66188
"Menge",0.539038282157862,1894,0.52433648231038,1844,0.553683605998567,1943
"Mengesh",0.268467692585066,2703,0.259058132551868,2610,0.278034644446105,2798
"Menit Goldiye",0.317878747463524,27566,0.309752108320525,26899,0.326089914673412,28239
"Menit Shasha",0.341303864166363,14785,0.330432391984631,14313,0.352290239985769,15262
"Menjiwo",0.333677885702072,33063,0.326262650590156,32345,0.341160343089358,33786
"Menz Gera Midir",0.449953555590347,43500,0.416818234527622,40262,0.483440206526632,46775
"Menz Keya Gabriel",0.450486550307677,19719,0.421166930426655,18437,0.480061195481803,21013
"Menz Lalo Midir",0.453572490446217,14760,0.42362440069694,13782,0.483774558967227,15747
"Menz Mama Midir",0.418716730956211,36550,0.38835683835861,33889,0.449552648587402,39254
"Merahbete",0.41744178749181,37292,0.393042164119459,35132,0.442150677163833,39478
"Mereb Leke",0.0117688008642563,1147,0.000110760160529746,12,0.0817818014400286,7885
"Merti",0.307734239501278,40805,0.288968112880258,38319,0.326981629386868,43357
"Mesela",0.290625267744221,0,0.00955844459048749,0,0.880782693675555,0
"Meskan",0.317734650902253,50506,0.307537698501203,48897,0.328087332914275,52139
"Meta",0.312903110153695,0,0.000854667886791604,0,0.979512740681651,0
"Meta Robi",0.379670883202691,70616,0.36376239847892,67631,0.39581473855359,73647
"Metema",0.437829975134321,69198,0.39184812789746,61903,0.48469273288226,76629
"Metu Zuria",0.288011957544233,15274,0.280468976689645,14883,0.295643437838251,15670
"Meyu",0.28392012752755,0,0.00027013038743365,0,0.983274808466753,0
"Meyumuluka",0.302910559123148,0,3.33187236585204e-05,0,0.996823193851739,0
"Michakel",0.332071396164152,53191,0.321078592543051,51437,0.343202161576247,54968
"Mida Kegn",0.358574404728505,36616,0.349994494500867,35787,0.36722098346801,37452
"Midega Tola",0.308810371586504,0,4.97671777937014e-05,0,0.996367746207401,0
"Mierab Azenet Berbere",0.332369455838932,32370,0.325075420235081,31662,0.339723512608205,33084
"Mierab Badawacho",0.320523340999168,22768,0.314699377275058,22353,0.326389050977932,23185
"Mieso",0.319050350476478,46003,0.19510615839062,25394,0.492663299680398,75516
"Miesso",0.30777385263244,7423,0.0311593453627376,1460,0.80580986646926,17224
"Mile",0.0916626057257737,7577,0.0108789570399685,1174,0.334433498863371,25418
"Mimo Weremo",0.387286777918035,27714,0.356972654630312,25582,0.418680588377924,29918
"Minjar Shenkora",0.353028756748885,52008,0.333035940214823,49126,0.373438216067532,54949
"Mirab Abaya",0.33074454626727,16159,0.322983666385854,15810,0.338574999938179,16511
"Mirab Armacho",0.464153819182822,37822,0.405238345782922,32956,0.523966688539082,42768
"Misha",0.351844140271757,38732,0.343958294966744,37853,0.359790296848819,39618
"Misrak Azenet Berbere",0.324267798917012,9848,0.316872494139986,9624,0.33172864219252,10075
"Misrak Badawacho",0.286592000612278,24671,0.278049648965949,23951,0.295250917054686,25402
"Miyo",0.912899694425519,55821,0.760889923881755,46494,0.980696713985575,59945
"Mojan Wedera",0.416736942954685,34635,0.38936049314816,32349,0.444501835978352,36953
"Moretna Jiru",0.401252751411992,25624,0.371431222816036,23777,0.431864518584805,27516
"Moyale",0.868990351798974,156117,0.638784289716349,124159,0.976821644491339,169994
"Muhur Na Aklil",0.373479546774728,40454,0.364905225714499,39527,0.38211326041796,41387
"Mulo",0.405288893967525,28947,0.387693727502,27692,0.423066220373884,30214
"Munessa",0.255782853947353,55884,0.242229489665938,52910,0.269695465092024,58938
"Mustahil",0.333855671054412,0,4.76265030903337e-09,0,0.999994878210764,0
"Naeder Adet",0.0679630341164053,7102,0.0269775284718733,2710,0.143970867920876,15438
"Nefas Silk",0.248789702757666,4842,0.217341383076808,4230,0.282339615273677,5494
"Nejo",0.288824507833982,33398,0.281795178192357,32583,0.295935555611633,34224
"Nenesebo",0.231441853351096,37687,0.214609975568901,35045,0.248940693252693,40430
"Nole Kaba",0.282331530935562,9054,0.276305912371974,8861,0.288416868583846,9248
"Nono",0.3309509019452,5676,0.323764419404183,5552,0.338196606587629,5802
"Nunu Kumba",0.321925191388946,20104,0.315773069742009,19730,0.32812301954228,20481
"Odo Shakiso",0.288983063487355,27353,0.261552744383315,24913,0.31757494318963,29893
"Ofa",0.340594635282186,34649,0.334308908035262,34026,0.3469223563581,35276
"Ofla",0.214206499003092,23034,0.172938859585713,18446,0.261043756259455,28269
"Omo Nada",0.355469926355961,126735,0.348371631981272,124183,0.362616022911921,129305
"Pawe Special",0.301701847204252,11176,0.29319626237104,10863,0.31031152709017,11493
"Quara",0.459365504620925,57562,0.408932561884432,51288,0.510375311483152,63908
"Quarit",0.314366088024815,31852,0.305250982332992,30934,0.323588426465086,32780
"Raya Azebo",0.110260616662995,26706,0.0639195962350161,15640,0.175591684972501,42110
"Rayitu",0.200711159013855,5355,0.0107545679110529,556,0.725701891594179,17245
"Robe",0.237279112429813,55461,0.220823870342448,51683,0.254341768420685,59376
"Saba Boru",0.456079093320334,47647,0.370263450997576,39231,0.541984686905128,56218
"Saesie Tsaedaemba",0.00765370765201191,1057,0.00121756911002767,178,0.0268816143595214,3598
"Saharti Samre",0.12261063959855,16536,0.079540462042217,10623,0.179684119825897,24427
"Sahla",0.273211861063017,23067,0.248362283327803,20926,0.300919216690628,25479
"Sale Nono",0.272159959610196,4932,0.263014057088052,4767,0.281451984355028,5099
"Sankura",0.287454579637363,19958,0.276524760386108,19195,0.298571281712749,20733
"Sasiga",0.306118872493633,23092,0.299712921638847,22603,0.312580018640663,23585
"Sayilem",0.298670235316348,18194,0.290374310380757,17717,0.307068842879795,18678
"Sayint",0.407347629952251,55843,0.380828758802717,52177,0.43426917166324,59564
"Sayo",0.285630077268905,22882,0.277614876704601,22255,0.293747571577131,23517
"Sayo Nole",0.29475460977135,7800,0.289242089668567,7654,0.300313995390148,7947
"Seden Sodo",0.358234589332325,25915,0.347691435785554,25146,0.368881764021017,26690
"Segeg",0.284425935690982,0,1.43943822004901e-05,0,0.997063074869578,0
"Seka Chekorsa",0.330607595803062,36454,0.323598654465235,35688,0.337674346590824,37227
"Sekela",0.305529055152579,48648,0.297958878545739,47447,0.313177103547683,49862
"Sekoru",0.355532501524929,92646,0.347350823809264,90540,0.363777869654084,94769
"Sekota",0.287562335563857,45344,0.260669350670808,41165,0.316047322620332,49761
"Selahad",0.262015419133705,0,0.000182072693199509,0,0.981475777891072,0
"Selamgo",0.372527262235642,39970,0.359453705386143,38507,0.38573073853303,41444
"Selti",0.300717034053796,43372,0.290585614899735,41940,0.310997872234117,44825
"Semen Achefer",0.265049403753868,46469,0.256335316501952,44912,0.273901088297566,48051
"Semen Bench",0.298013856779684,23866,0.289974124712692,23261,0.306149781184981,24477
"Senan",0.347626922347397,46596,0.334036864803588,44782,0.361398520424928,48434
"Serer/Elkere",0.256693263710246,0,0.000722799487509868,0,0.953233037884056,0
"Seru",0.247919543867999,28118,0.22427916556214,25709,0.273288771204366,30659
"Setema",0.320645292491578,38948,0.313172960352195,38068,0.328191987395874,39837
"Seweyna",0.221758589778388,8723,0.0136543458216066,2022,0.792471669485557,22568
"Shalla",0.274869413973257,31545,0.263266864954865,30198,0.28670512192844,32919
"Shashemene Zuria",0.26298041878449,75433,0.250956517880093,71960,0.275289846183155,78989
"Shashogo",0.292334994777476,28201,0.283115775564616,27316,0.301682979026587,29099
"Shay Bench",0.319865831146796,31176,0.312360856611859,30472,0.327444384862607,31886
"Shebe Dino",0.287950893207044,14048,0.277963498233527,13561,0.298093432701659,14543
"Shebe Sambo",0.330081375135877,64395,0.322872210204217,63071,0.337354163646429,65729
"Shebel Bereta",0.399903928949487,32426,0.37947655043569,30777,0.420584499886251,34096
"Sheka",0.284370110961668,5065,0.275001580646095,4905,0.293878587183974,5228
"Shekosh",0.314675858081471,0,4.94334841728814e-08,0,0.999956126955533,0
"Sherkole",0.591456718608797,3399,0.574777496405051,3299,0.607976812537768,3499
"Shilabo",0.321368807913316,0,5.23438080447855e-09,0,0.999991564465506,0
"Shinile",0.239081824787651,39,9.17459897939049e-05,0,0.975779507183095,278
"Shirka",0.247710566085267,48042,0.23194488914193,45032,0.263996393639164,51148
"Sibu Sire",0.312748983602026,82277,0.305951341442937,80548,0.319606313111406,84021
"Sigmo",0.30933466640155,37164,0.301531404952494,36318,0.317224079862448,38019
"Simada",0.359866967000505,150039,0.340400570475008,142012,0.379685697320369,158215
"Simurobi Gele'alo",0.402808447582334,33489,0.367313429898699,30645,0.439457843264517,36414
"Sinana",0.181871350117658,31311,0.164492287793434,28338,0.200265971028698,34457
"Siraro",0.281790331981127,44990,0.271220141072512,43307,0.292537076834022,46700
"Sirba Abay",0.455830684438374,3969,0.44167837992892,3856,0.470008895119114,4082
"Sire",0.289279271858051,46232,0.273353878339386,43699,0.305600492992032,48828
"Siya Debirna Wayu",0.400202611767602,16469,0.375971899047707,15471,0.424800964333381,17482
"Sodo",0.323905381115299,47441,0.31322850237541,45884,0.334722395670829,49018
"Sodo Daci",0.336002104843163,20205,0.323957215932429,19482,0.348207726913987,20938
"Sodo Zuria",0.328350535819312,47201,0.322240626198346,46332,0.334505236768356,48076
"Soro",0.350617001684236,53182,0.33939635170844,51210,0.362035809772316,55197
"Sude",0.260937864770536,49853,0.244232359738797,46670,0.278173034027571,53138
"Sululta",0.402942780663372,89558,0.383828890488843,85310,0.422276269778924,93855
"Surma",0.665540827176238,28446,0.619069361251994,26476,0.708997112655024,30286
"Tach Armacho",0.359866358249189,45285,0.328624107117678,41517,0.39206336007475,49169
"Tach Gayint",0.339640101319658,26891,0.317827651867909,25265,0.362266365855304,28567
"Tahtay Adiyabo",0.00331131424375331,613,0.000914562851443076,167,0.00879073539250641,1646
"Tahtay Koraro",0.0122741469570801,829,0.00224649527260768,147,0.0380828332740552,2614
"Tahtay Maychew",0.028860993477081,1849,0.00228535205774978,146,0.129227783091629,8272
"Takusa",0.339342797995269,41998,0.319117769421127,39861,0.360035269752048,44184
"Tanqua Abergele",0.135299149559788,14101,0.0943312010400839,9711,0.186607148987912,19641
"Tarema Ber",0.417682454087241,23895,0.388859862409587,22249,0.446929371038779,25566
"Telalak",0.265791117168992,43188,0.18488745841308,35071,0.376311208484023,53522
"Teltele",0.528210823553284,82369,0.419844674295216,67839,0.627590776029775,95680
"Tembaro",0.360041093112794,30900,0.352400831724272,30275,0.36773442408779,31528
"Tena",0.255244805532247,46421,0.240420854117042,43698,0.270502949791656,49225
"Tenta",0.395611284011065,66346,0.363012058440967,60929,0.429156788404707,71915
"Teru",0.0248257090979396,5233,0.00829736861857352,1773,0.058032672857178,12083
"Thehulederie",0.430731864009578,39330,0.39653772920958,36226,0.465435317004446,42478
"Tikur Enchini",0.354185961027472,25468,0.347040547632751,24954,0.361379974735774,25985
"Tiro Afeta",0.34455352594812,54532,0.337027955577045,53358,0.352139007880475,55716
"Tiyo",0.277228164685735,26093,0.263761750177549,24834,0.290998764215859,27380
"Tocha",0.353136559809399,30732,0.344749497025956,30031,0.361597801624689,31439
"Toke Kutaye",0.342363303870379,51215,0.334614360925898,50051,0.350175175975238,52388
"Tole",0.347425188597434,17454,0.335282715343065,16845,0.359717325971134,18070
"Tsegede",0.399358656397152,138438,0.355865281682281,124197,0.443898337774302,153090
"Tselemt",0.232421641838961,14360,0.20792885527274,12833,0.25853681895416,15990
"Tselemti",0.179570064710516,37200,0.147818885806518,29357,0.217888781916645,46971
"Tulo",0.316566441497665,24084,0.211965930737988,17370,0.52888789921814,37284
"Ubadebretsehay",0.368558641067484,23193,0.358271825983335,22547,0.378936013472384,23845
"Uraga",0.257100646031081,38715,0.243337370451226,36669,0.271247803630664,40817
"Wadera",0.298137714829979,30867,0.263915709077323,27333,0.334072408602101,34577
"Wadla",0.367206458427271,37398,0.342021800980023,34801,0.392988835548972,40060
"Waliso",0.375073320393939,46849,0.362997615788232,45345,0.387306197127828,48372
"Walmara",0.377746757069027,45536,0.360625703178676,43493,0.395138641867465,47611
"Wama Hagalo",0.321393134438391,17902,0.315623958016963,17580,0.327202782118261,18227
"Wantawo",0.00832720221662895,110,0.00192060013589512,26,0.0227412789711225,296
"Wara Jarso",0.380337795079175,72362,0.363124571084146,69128,0.39780200560484,75641
"Warder",0.308074403996543,0,4.12079454144044e-09,0,0.999988580217931,0
"Wayu Tuka",0.306058658850961,23340,0.300370739381193,22906,0.311790569280757,23778
"Wegde",0.380539615926614,46511,0.354797282066572,43343,0.406895169889094,49757
"Wegera",0.268342355395438,45784,0.251340000143775,42911,0.285869294428361,48747
"Welkait",0.276509493916736,86353,0.241262475721249,75561,0.314816945027335,98043
"Wemberma",0.317586330764455,23549,0.307254611797664,22896,0.328052876972433,24211
"Wenago",0.262854928379497,2108,0.24847233430271,1992,0.277622191501552,2226
"Wenbera",0.397054108672296,25074,0.382410175783329,24201,0.411850166718594,25956
"Wenchi",0.364733203515166,32404,0.355189432918327,31564,0.374355001989952,33252
"Were Ilu",0.434355101448311,56337,0.402493749222696,52167,0.466623204589479,60563
"Werei Leke",0.0265882595447063,3291,0.00739269028659412,889,0.0710205850476925,8958
"West Belesa",0.254706430951699,35037,0.239627791853176,32989,0.270279739025048,37150
"West Esite",0.312817252460066,50434,0.300499120824671,48445,0.325342116027966,52457
"West Imi",0.270585131381418,0,9.81007140018596e-05,0,0.985455780477788,0
"Wilbareg",0.304971801494427,43757,0.295062154138352,42361,0.31502036042651,45171
"Wondo-Genet",0.273295747563503,23200,0.262354915435618,22282,0.284444330829774,24136
"Wonosho",0.278736312004282,14863,0.267218086739513,14253,0.290478681610922,15485
"Worebabu",0.443562402219051,51223,0.40697530251724,47015,0.480623306020087,55486
"Wuchale",0.394705439791758,43405,0.373879150441938,41111,0.415819686071885,45731
"Yabelo",0.597672338493152,78689,0.487670236720725,64652,0.697164654654437,91585
"Yalo",0.077929424635245,4830,0.0389382600104998,2478,0.138021946869536,8370
"Yama Logi Welel",0.292952192412268,10168,0.285728553998807,9919,0.300256640484051,10419
"Yaso",0.302174839200587,5374,0.290958115435679,5172,0.31356871798807,5579
"Yaya Gulele",0.386920857667056,25425,0.368685666663608,24209,0.405397602380094,26659
"Yayu",0.292424551994904,15513,0.28427884802203,15094,0.300674326907785,15937
"Yeka",0.242844625636964,7846,0.207582810169178,6658,0.281124773822313,9142
"Yeki",0.295332280125179,16399,0.287104202195528,15954,0.303662635095367,16849
"Yem",0.372962440893413,28941,0.364461485731464,28296,0.381520638395216,29591
"Yilmana Densa",0.301330092493501,77439,0.291897303476001,75035,0.310891765732697,79877
"Yirgachefe",0.27010198713892,13329,0.257461195395965,12707,0.283031317021888,13965
"Yubdo",0.271369613214201,8772,0.265326988019692,8579,0.277478112073615,8967
"Zala",0.36998175242274,38350,0.36099460673796,37410,0.379036797276278,39297
"Ziquala",0.29072869481064,37602,0.265289992044418,34260,0.317844706274223,41169
"Ziway Dugda",0.290046011371645,61534,0.277623215022341,58854,0.302709093792929,64268
"Total",0.326720520318946,20815415,0.20578264795846,19173239,0.554693779526781,22763039
